Post ID,URL to tweet,creation_date,likes,caption,retweet_count,comment_count,view_count,poster_handle,poster_display_name,poster_follower_count,poster_frequency,total_posts,hashtags,image_filename,comment_file,image+caption_target,political_leaning
1828837775791341997,https://x.com/JimmyMatthewsJr/status/1828837775791341997,Wed Aug 28 16:51:18 +0000 2024,29,#TrumpIsUnfitForOffice #ArlingtonNationalCemetery https://t.co/z149gs015v,18,5,1793,JimmyMatthewsJr,Jimmy Matthews,2613,5.376404494382022,30624,"#TrumpIsUnfitForOffice, #ArlingtonNationalCemetery",Twitter_Scrape\Target_Trump\Anti\Images\eat_on_grave.jpg,Twitter_Scrape\Target_Trump\Anti\Comments\eat_on_grave.csv,anti-trump,D
1828607916892422511,https://x.com/JimmyMatthewsJr/status/1828607916892422511,Wed Aug 28 01:37:55 +0000 2024,21,@thedesertginger I would not be surprised if he did this before he left. #TrumpIsUnfitForOffice https://t.co/spBZTUv3Ug,5,1,863,JimmyMatthewsJr,Jimmy Matthews,2613,5.376404494382022,30624,#TrumpIsUnfitForOffice,Twitter_Scrape\Target_Trump\Anti\Images\veteran_graves.jpg,Twitter_Scrape\Target_Trump\Anti\Comments\veteran_graves.csv,anti-trump,D
1826979750856049026,https://x.com/TheVladsven/status/1826979750856049026,Fri Aug 23 13:48:10 +0000 2024,1,"Respect marriage.  Donald Trump and Where's Melania always show what a perfect marriage looks like.  Bret Baier, Bill Barr, Ann Coulter, and RFK Jr. all agree 100%.  With everything Trump says, no matter what. ğŸ‡ºğŸ‡¸ #TrumpIsDone #KamalaHarris #Kamala4President2024 #TheCrowğŸ“· https://t.co/8X0BBHE5Bc",2,2,1108,TheVladsven,Darth VladSven the Cat VI,955,26.451581027667984,26769,"#TrumpIsDone, #KamalaHarris, #Kamala4President2024, #TheCrowğŸ“·",Twitter_Scrape\Target_Trump\Anti\Images\trump_beat.jpg,N/A,anti-trump,D
1822071851960692972,https://x.com/TheVladsven/status/1822071851960692972,Sat Aug 10 00:45:56 +0000 2024,19,Pray for Trump.  He longs for North Korea and his tub buddy. ğŸ‡ºğŸ‡¸#trumpmeltdown #trumprally #Kamala2024 https://t.co/8erDIpITBK,3,4,3808,TheVladsven,Darth VladSven the Cat VI,955,26.451581027667984,26769,"#trumprally, #Kamala2024",Twitter_Scrape\Target_Trump\Anti\Images\trump_nk.jpg,Twitter_Scrape\Target_Trump\Anti\Comments\trump_nk.csv,anti-trump,D
1822069995565883579,https://x.com/TheVladsven/status/1822069995565883579,Sat Aug 10 00:38:34 +0000 2024,8,Pray for Trump. He joined Hamas.   ğŸ‡ºğŸ‡¸ #trumpmeltdown #trumprally #Kamala2024 https://t.co/BujXKOwr0w,2,2,2869,TheVladsven,Darth VladSven the Cat VI,955,26.451581027667984,26769,"#trumprally, #Kamala2024",Twitter_Scrape\Target_Trump\Anti\Images\foreign_meet.jpg,Twitter_Scrape\Target_Trump\Anti\Comments\foreign_meet.csv,anti-trump,D
1828212669670629624,https://x.com/Bloomer99999/status/1828212669670629624,Mon Aug 26 23:27:21 +0000 2024,2,#KamalaWinswithJoy https://t.co/k5dnunB1zQ,0,0,58,Bloomer99999,Nabster ğŸ’™ğŸ‡ºğŸ‡¸ğŸ¦…ğŸ‡ºğŸ‡¸ğŸ’™,5168,63.658373205741626,66523,#KamalaWinswithJoy,Twitter_Scrape\Target_Trump\Anti\Images\trump_epstine.jpg,N/A,anti-trump,D
1828060378711945505,https://x.com/EmilyMach5/status/1828060378711945505,Mon Aug 26 13:22:12 +0000 2024,17,"@VetsForRL Trump has used everyone around him for his personal gains. Values, Purpose, Sacrifice mean nothing to him.   #TrumpIsUnfitForOffice #VeteransForHarrisWalz #Vete https://t.co/piKv0abfMV",11,3,898,EmilyMach5,Emily Mach,397,1.938092229943146,3068,"#TrumpIsUnfitForOffice, #VeteransForHarrisWalz, #Vete",Twitter_Scrape\Target_Trump\Anti\Images\trump_graves.jpg,Twitter_Scrape\Target_Trump\Anti\Comments\trump_graves.csv,anti-trump,D
1813345368484073626,https://x.com/ScottWIsAnIdiot/status/1813345368484073626,Tue Jul 16 22:50:00 +0000 2024,10,@ZionDarkwood @SteveLovesAmmo https://t.co/rJudoNi0lG,5,6,9438,ScottWIsAnIdiot,Scott Walker is An Idiot,2476,14.871070433744528,37371,,Twitter_Scrape\Target_Harris\Anti\Images\setup.jpg,Twitter_Scrape\Target_Harris\Anti\Comments\setup.csv,anti-harris,R
1829862469894058286,https://x.com/EmilyMach5/status/1829862469894058286,Sat Aug 31 12:43:04 +0000 2024,54,@SteveSchmidtSES #TrumpDishonorsUS #TrumpIsUnfitForOffice   Let's bury the guy with our votes this November. https://t.co/xnb5hyMA3C,10,1,1216,EmilyMach5,Emily Mach,397,1.938092229943146,3068,"#TrumpDishonorsUS, #TrumpIsUnfitForOffice",Twitter_Scrape\Target_Trump\Anti\Images\trump_gravestone.jpg,Twitter_Scrape\Target_Trump\Anti\Comments\trump_gravestone.csv,anti-trump,D
1823835478480605640,https://x.com/acnewsitics/status/1823835478480605640,Wed Aug 14 21:33:57 +0000 2024,56668,Cop vs the felon. ğŸ˜‚ https://t.co/LfXb1J7bBA,7448,1546,1981822,acnewsitics,Alex Cole,283007,18.04985754985755,38013,,Twitter_Scrape\Target_Trump\Anti\Images\trump_arrest.jpg,Twitter_Scrape\Target_Trump\Anti\Comments\trump_arrest.csv,anti-trump,D
1827905146027999298,https://x.com/jimmythemole001/status/1827905146027999298,Mon Aug 26 03:05:22 +0000 2024,16,Donâ€™t vote for #CommieKamala! #MAGA https://t.co/uggwCXO4yD,6,5,280,jimmythemole001,"Michael P Ward, DO, Col, USAF (ret)",2334,101.29385474860337,90658,"#CommieKamala!, #MAGA",Twitter_Scrape\Target_Harris\Anti\Images\red_flag.jpg,Twitter_Scrape\Target_Harris\Anti\Comments\red_flag.csv,anti-harris,R
1828540317076988258,https://x.com/trumpsolanacoin/status/1828540317076988258,Tue Aug 27 21:09:18 +0000 2024,11,I heard she might be boarding on the #TrumpTrain ? ğŸ¤”   What are your thoughts on?  ğŸ‡ºğŸ‡¸ğŸ‡ºğŸ‡¸ğŸ‡ºğŸ‡¸ğŸ‡ºğŸ‡¸ğŸ‡ºğŸ‡¸ğŸ‡ºğŸ‡¸  $TRUMP for President. #Trump #Swifties4Trump #Trump2024 #UnityParty #MAGA #MAHA https://t.co/hv5s4mEII0,23,1,375,trumpsolanacoin,$TRUMP,4565,2.3257142857142856,2442,"#TrumpTrain, #Trump, #Swifties4Trump, #Trump2024, #UnityParty, #MAGA, #MAHA",Twitter_Scrape\Target_Trump\Pro\Images\trump_taylor.jpg,N/A,pro-trump,R
1755385693151379739,https://x.com/Geo_Is_Pissed/status/1755385693151379739,Thu Feb 08 00:18:57 +0000 2024,4859,RT if you agree: To all you #MAGA praising #TuckerCarlson's interview of American Enemy Russian Dictator Putin need to get the actual fuck out of this country and go live with Putin.   We won't fucking miss you one bit. https://t.co/LVBTl3sai4,1870,3945,253095,Geo_Is_Pissed,ğŸ‡ºğŸ‡¸ Geo Is Still Pissed ğŸ¥¥ğŸŒ´ğŸ‡ºğŸ‡¸î¨€ğŸŒŠğŸŒˆğŸ³ï¸â€âš§ï¸ğŸŒğŸ¾ğŸ—³,38379,15.715183509301156,62515,"#MAGA, #TuckerCarlson's",Twitter_Scrape\Target_Trump\Anti\Images\trump_leash.jpg,Twitter_Scrape\Target_Trump\Anti\Comments\trump_leash.csv,anti-trump,D
1835892011993543079,https://x.com/TrueZouse/status/1835892011993543079,Tue Sep 17 04:02:19 +0000 2024,11,"When Americaâ€™s Hitler is trending, why you know its  #Trump https://t.co/byobAnzAOd",1,13,1903,TrueZouse,DocumentAmericağŸ’™ğŸŒŠğŸ‡ºğŸ‡¸ğŸ—½Amplifying Blue Voices,380,7.028459273797841,7162,#Trump,Twitter_Scrape\Target_Trump\Anti\Images\2025_nazi.jpg,Twitter_Scrape\Target_Trump\Anti\Comments\2025_nazi.csv,anti-trump,D
1837809782125662425,https://x.com/BraidedImag6/status/1837809782125662425,Sun Sep 22 11:02:51 +0000 2024,36,#TrumpIsACoward #TrumpIsAChicken #ChickenTrump #ChickenDon https://t.co/m76CfkgPOV,15,6,2239,BraidedImag6,The REAL BraidedImagination6,7022,5.526227444397818,26338,"#TrumpIsACoward, #TrumpIsAChicken, #ChickenTrump, #ChickenDon",Twitter_Scrape\Target_Trump\Anti\Images\trump_chicken.jpg,Twitter_Scrape\Target_Trump\Anti\Comments\trump_chicken.csv,anti-trump,D
1830657112231592314,https://x.com/ChuckCallesto/status/1830657112231592314,Mon Sep 02 17:20:42 +0000 2024,1172,@elonmusk Coming to America under a Harris regime! https://t.co/CfQEXzLglG,191,101,69406,ChuckCallesto,Chuck Callesto,846253,23.96586282492953,76523,,Twitter_Scrape\Target_Harris\Anti\Images\harris_red_rally.png,Twitter_Scrape\Target_Harris\Anti\Comments\harris_red_rally.csv,anti-harris,R
1824907754462663049,https://x.com/BillCar79944600/status/1824907754462663049,Sat Aug 17 20:34:48 +0000 2024,1,@TruthorConseq12 Absolutely. https://t.co/d03Qio1h2N,1,0,37,BillCar79944600,Bill Carey ğŸ‡ºğŸ‡¸,6431,11.290813341135166,19296,,Twitter_Scrape\Target_Harris\Anti\Images\communist_harris_extra.jpg,Twitter_Scrape\Target_Harris\Anti\Comments\communist_harris_extra.csv,anti-harris,R
1854483772613255358,https://x.com/xoxoitsjanai/status/1854483772613255358,Thu Nov 07 11:19:20 +0000 2024,1791,Repost for some delicious lib tears ğŸ¤­âœ¨ #MAGA2024 #MAGA #Trump. https://t.co/V7Fw1mTwJo,158,69,18886,xoxoitsjanai,Janai RamÃ­rez,8528,22.4,3360,"#MAGA2024, #MAGA, #Trump.",Twitter_Scrape\Target_Trump\Pro\Images\MAGA_hat_beach.jpg,Twitter_Scrape\Target_Trump\Pro\Comments\MAGA_hat_beach.csv,pro-trump,R
1853834833551630842,https://x.com/LifeGodGunMemes/status/1853834833551630842,Tue Nov 05 16:20:41 +0000 2024,15,@charliekirk11 Vote vote vote https://t.co/PXd3MObXGT,1,0,1320,LifeGodGunMemes,Life God Gun Memes,5725,26.98701298701299,2078,,Twitter_Scrape\Target_Trump\Pro\Images\flag_boat.jpg,Twitter_Scrape\Target_Trump\Pro\Comments\flag_boat.csv,pro-trump,R
1852668735481356519,https://x.com/avoura/status/1852668735481356519,Sat Nov 02 11:07:02 +0000 2024,3,"@iAnonPatriot #TamponTim will encourage it, #CommieKamala will cackle. https://t.co/HeJTaQr8p6",0,0,42,avoura,Free Your Mind,757,1.187972919155715,5966,"#TamponTim, #CommieKamala",Twitter_Scrape\Target_Harris\Anti\Images\harris_bomb_smile.jpg,Twitter_Scrape\Target_Harris\Anti\Comments\harris_bomb_smile.csv,anti-harris,R
1844644013497860403,https://x.com/MagikMike101/status/1844644013497860403/photo/1,Fri Oct 11 07:39:39 +0000 2024,0,"@RonFilipkowski Only children fear Obama,  and for good reason ğŸ¤¢ ğŸ¤® https://t.co/dS0UHQ53Zx",0,0,2,MagikMike101,Magik Mike,1122,6.529958677685951,6321,,Twitter_Scrape\Target_Harris\Anti\Images\obama_handshake.jpg, N/A,anti-harris,R
1837988815660892510,https://x.com/prsGarfieldsHat/status/1837988815660892510/photo/1,Sun Sep 22 22:54:16 +0000 2024,9,@Hawkesbay69 @fundadorisback @FAFOtheFirst @JimOReilly1011 @MAGAMikey81 @Weston_102300 @janky_future @guster2022 @MaureenKea84577 @IMININC @liberaldetox @TheDreamBigUSA @BrentLeas @osteodoc01 @TheMozz2000 @SteveR0wlings @jlk4AU @JamesNewto134 The free handouts from #HarrisWalz will continue until we have massive inflation AGAIN!!! https://t.co/3d5wdcMxjz,3,0,168,prsGarfieldsHat,President Garfield fears the return of #Inflation,3886,6.473338802296965,15782,#HarrisWalz,Twitter_Scrape\Target_Harris\Anti\Images\handout.jpg,Twitter_Scrape\Target_Harris\Anti\Comments\handout.csv,anti-harris,R
1837962207612854413,https://x.com/prsGarfieldsHat/status/1837962207612854413/photo/1,Sun Sep 22 21:08:32 +0000 2024,1,@jjnjpan Great MEME!! But let's also remember we support #TrumpVanceKennedy2024 bc we cannot afford more inflation.    #KamalaHarris is trying to fight housing affordability with  . . . more inflation! https://t.co/3D8lPHK7Ua,0,0,23,prsGarfieldsHat,President Garfield fears the return of #Inflation,3886,6.473338802296965,15782,"#TrumpVanceKennedy2024, #KamalaHarris",Twitter_Scrape\Target_Harris\Anti\Images\inflation.jpg,N/A,anti-harris,R
1865411522865881456,https://x.com/clark_kent10935/status/1865411522865881456/photo/1,Sat Dec 07 15:02:19 +0000 2024,3,@tumaro17 Let's connect X FRIENDS @clark_kent10935 IFBAP https://t.co/ix4JoPn1iv,0,0,36,clark_kent10935,Clark Kent,16110,47.17058823529412,16038,,Twitter_Scrape\Target_Trump\Pro\Images\trump_washington_greet.jpg,Twitter_Scrape\Target_Trump\Pro\Comments\trump_washington_greet.csv,pro-trump,R
1835753725190897696,https://x.com/Rowdy_House/status/1835753725190897696,Mon Sep 16 18:52:49 +0000 2024,0,@Nichole05507742 Mew News: A militia formed in Springfield and has just left Ohio to go help protect #Trump. #MAGA #TrumpAssassinationAttempt2 #TrumpAssassinationAttempt #FightFightFight https://t.co/mW1PnXZxXL,0,0,65,Rowdy_House,This is Rowdy House (IFBAP-ASAP),37047,0.4259504862953139,1927,"#Trump., #MAGA, #TrumpAssassinationAttempt2, #TrumpAssassinationAttempt, #FightFightFight",Twitter_Scrape\Target_Trump\Pro\Images\armed_cats.jpg,Twitter_Scrape\Target_Trump\Pro\Comments\armed_cats.csv,pro-trump,R
1852305500303691798,https://x.com/Tek_Roo/status/1852305500303691798/photo/1,Fri Nov 01 11:03:40 +0000 2024,1,"@Liz_Cheney He's talking about sending you into this war you and your warmonger buddies want to start, but I'm sure you think you're too privileged for that. https://t.co/F9FOepvzc4",0,0,62,Tek_Roo,Tek Roo 2028 ğŸ‡ºğŸ‡¸,2399,29.54486422668241,150147,,Twitter_Scrape\Target_Harris\Anti\Images\harris_war.jpg,Twitter_Scrape\Target_Harris\Anti\Comments\harris_war.csv,anti-harris,R
1868783202850292023,https://x.com/SChimamoto/status/1868783202850292023/photo/1,Mon Dec 16 22:20:10 +0000 2024,4,@lloydallred @JoeyT1010 @Hondamn1010 @bluefishspark @Merica197138 @MLilyjo @marijotrue @MAGA_Meme_Man @Florida_Daddy Thanks Lloyd for the invite ğŸ‘ŠğŸ‡ºğŸ‡¸ğŸ¦… Follow ğŸ‘‰@lloydallred https://t.co/13RZwu2if2,2,0,62,SChimamoto,shelby chimamotoğŸ‡ºğŸ‡¸ğŸ¦…,109909,106.53441682600382,111435,,Twitter_Scrape\Target_Harris\Anti\Images\fossil.png,Twitter_Scrape\Target_Harris\Anti\Comments\fossil.csv,anti-harris,R
1852507866462355828,https://x.com/MrJOHNWICK2/status/1852507866462355828/photo/1,Sat Nov 02 00:27:47 +0000 2024,175,ğŸ”´âšªğŸ”µğŸ”´âšªğŸ”µğŸ”´âšªğŸ”µğŸ”´âšªğŸ”µ ğŸ”µWANT NEW FOLLOWERS?  ğŸ”´ ğŸ”´FOLLOW ME &amp; RETWEETğŸ‡ºğŸ‡¸âšª âšªREPLY WITH IFB ğŸ”´ğŸ‡ºğŸ‡¸âšªğŸ‡ºğŸ‡¸ğŸ”µ ğŸ”µI FOLLOW BACK ACTIVE ğŸ‡ºğŸ‡¸ğŸ”´ ğŸ”´FOLLOWERS!!ğŸ‡ºğŸ‡¸ğŸ”´ğŸ‡ºğŸ‡¸âšªğŸ‡ºğŸ‡¸âšª âšª#MAGA #Trump2024ğŸ”´ğŸ‡ºğŸ‡¸âšª ğŸ”µ#TRUMPTRAIN  ğŸ”´ğŸ‡ºğŸ‡¸âšªğŸ‡ºğŸ‡¸ğŸ”µ âšªFIGHT! ğŸ‡ºğŸ‡¸FIGHT!ğŸ‡ºğŸ‡¸ FIGHT! ğŸ”´ ğŸ”´âšªğŸ”µğŸ”´âšªğŸ”µğŸ”´âšªğŸ”µğŸ”´âšªğŸ”µ https://t.co/mjqjH7DV06,78,172,4446,MrJOHNWICK2,MARK WICKğŸ‡ºğŸ‡¸,59211,31.096494272821936,89589,#Trump2024ğŸ”´ğŸ‡ºğŸ‡¸âšª,Twitter_Scrape\Target_Trump\Pro\Images\trump_light.jpg,Twitter_Scrape\Target_Trump\Pro\Comments\trump_light.csv,pro-trump,R
1852023379232281021,https://x.com/MrJOHNWICK2/status/1852023379232281021/photo/1,Thu Oct 31 16:22:37 +0000 2024,55,ğŸ˜‚ğŸ˜‚ğŸ˜‚ğŸ˜‚ğŸ˜‚ğŸ˜‚ğŸ˜‚ğŸ˜‚ğŸ˜‚ğŸ˜‚ğŸ˜‚ğŸ˜‚ https://t.co/q2v9xXgPr4,24,12,1084,MrJOHNWICK2,MARK WICKğŸ‡ºğŸ‡¸,59211,31.096494272821936,89589,,Twitter_Scrape\Target_Harris\Anti\Images\bite_collar.jpg,Twitter_Scrape\Target_Harris\Anti\Comments\bite_collar.csv,anti-harris,R
1854057412594221332,https://x.com/MrJOHNWICK2/status/1854057412594221332/photo/1,Wed Nov 06 07:05:08 +0000 2024,30,Lying Kamala you are Fired https://t.co/yT1onvaL0C,8,4,628,MrJOHNWICK2,MARK WICKğŸ‡ºğŸ‡¸,59211,31.096494272821936,89589,,Twitter_Scrape\Target_Harris\Anti\Images\crazy.jpg,Twitter_Scrape\Target_Harris\Anti\Comments\crazy.csv,anti-harris,R
1855125567773065370,https://x.com/MrJOHNWICK2/status/1855125567773065370/photo/1,Sat Nov 09 05:49:36 +0000 2024,38,Lying Kamala will have to sleep with Ronald McDonald ğŸ˜‚ğŸ˜‚ğŸ˜‚ğŸ˜‚ https://t.co/uGsBeZ4iPa,18,9,762,MrJOHNWICK2,MARK WICKğŸ‡ºğŸ‡¸,59211,31.096494272821936,89589,,Twitter_Scrape\Target_Harris\Anti\Images\mcdonald.jpg,Twitter_Scrape\Target_Harris\Anti\Comments\mcdonald.csv,anti-harris,R
1855355629474377927,https://x.com/MrJOHNWICK2/status/1855355629474377927/photo/1,Sat Nov 09 21:03:47 +0000 2024,237,ğŸ”´âšªğŸ”µğŸ”´âšªğŸ”µğŸ”´âšªğŸ”µğŸ”´âšªğŸ”µ ğŸ”µWANT NEW FOLLOWERS?  ğŸ”´ ğŸ”´FOLLOW ME &amp; RETWEETğŸ‡ºğŸ‡¸âšª âšªREPLY WITH IFB ğŸ”´ğŸ‡ºğŸ‡¸âšªğŸ‡ºğŸ‡¸ğŸ”µ ğŸ”µI FOLLOW BACK ACTIVE ğŸ‡ºğŸ‡¸ğŸ”´ ğŸ”´FOLLOWERS!!ğŸ‡ºğŸ‡¸ğŸ”´ğŸ‡ºğŸ‡¸âšªğŸ‡ºğŸ‡¸âšª âšª#MAGA #Trump2024ğŸ”´ğŸ‡ºğŸ‡¸âšª ğŸ”µ#TRUMPTRAIN  ğŸ”´ğŸ‡ºğŸ‡¸âšªğŸ‡ºğŸ‡¸ğŸ”µ âšªFIGHT! ğŸ”µ FIGHTğŸ”µ FIGHT! ğŸ”´ ğŸ”´âšªğŸ”µğŸ”´âšªğŸ”µğŸ”´âšªğŸ”µğŸ”´âšªğŸ”µ https://t.co/c4vdr5ITzT,110,219,6930,MrJOHNWICK2,MARK WICKğŸ‡ºğŸ‡¸,59211,31.096494272821936,89589,#Trump2024ğŸ”´ğŸ‡ºğŸ‡¸âšª,Twitter_Scrape\Target_Trump\Pro\Images\lincon.jpg,Twitter_Scrape\Target_Trump\Pro\Comments\lincon.csv,pro-trump,R
1856373691002872044,https://x.com/MrJOHNWICK2/status/1856373691002872044/photo/1,Tue Nov 12 16:29:12 +0000 2024,49,Our First Lady https://t.co/im1jnZSO5J,15,2,678,MrJOHNWICK2,MARK WICKğŸ‡ºğŸ‡¸,59211,31.096494272821936,89589,,Twitter_Scrape\Target_Trump\Pro\Images\1st_lady.jpg,Twitter_Scrape\Target_Trump\Pro\Comments\1st_lady.csv,pro-trump,R
1854649344235868425,https://x.com/Lord_God_Love/status/1854649344235868425/photo/1,Thu Nov 07 22:17:16 +0000 2024,1,@_AmaraL577 @AGuyOnTw_tter @EXCELLENTSALVIC @TomaisMac @TheFloridaMike @right_realDutch @bulldog_spirit2 @Eb67735B @ReaLtimes69 @CristalBr7 @emeraldTEC @OneTrueConsumer @momlifeinframes @827js @Vibes7363 @WhalenMona @rosejam181920 @bdonesem I follow everyone back. United Patriots. Share and grow our network of patriotic friends. I love Jesus. âœ…ï¸âœ…ï¸âœ…ï¸@Lord_God_Love âœ…ï¸âœ…ï¸âœ…ï¸ #IFBAP ğŸ‡ºğŸ‡¸ğŸ‡ºğŸ‡¸ğŸ‡ºğŸ‡¸ https://t.co/DZTSEs5uys,0,0,19,Lord_God_Love,Lord God,12331,29.6340206185567,5749,#IFBAP,Twitter_Scrape\Target_Trump\Pro\Images\peanut_cheer.jpg,Twitter_Scrape\Target_Trump\Pro\Comments\peanut_cheer.csv,pro-trump,R
1854522775899119917,https://x.com/Lord_God_Love/status/1854522775899119917/photo/1,Thu Nov 07 13:54:19 +0000 2024,3,@DixieReLoadz @rubiconjay @DannyLew1956 @WhatDaFookNC @Schmidtster_17 @juliaev29499565 @Bluepit19651 @Pitpass @MericleGray I follow everyone back. United Patriots. Share and grow our network of patriotic friends. I love Jesus. âœ…ï¸âœ…ï¸âœ…ï¸@Lord_God_Love âœ…ï¸âœ…ï¸âœ…ï¸ #IFBAP ğŸ‡ºğŸ‡¸ğŸ‡ºğŸ‡¸ğŸ‡ºğŸ‡¸ https://t.co/qvRWZTZyex,1,0,32,Lord_God_Love,Lord God,12331,29.6340206185567,5749,#IFBAP,Twitter_Scrape\Target_Trump\Pro\Images\wave.jpg,Twitter_Scrape\Target_Trump\Pro\Comments\wave.csv,pro-trump,R
1854160887579291675,https://x.com/Lord_God_Love/status/1854160887579291675/photo/1,Wed Nov 06 13:56:18 +0000 2024,2,@GuntherEagleman https://t.co/bwkbHdsJRh,0,0,50,Lord_God_Love,Lord God,12331,29.6340206185567,5749,,Twitter_Scrape\Target_Trump\Pro\Images\america_last.jpg,N/A,pro-trump,R
1853173368092008551,https://x.com/Lord_God_Love/status/1853173368092008551/photo/1,Sun Nov 03 20:32:15 +0000 2024,3,@TuckerCarlson @shopaholicdivas https://t.co/IJjQkTm1MZ,0,1,113,Lord_God_Love,Lord God,12331,29.6340206185567,5749,,Twitter_Scrape\Target_Trump\Pro\Images\trump_kneel.jpg,N/A,pro-trump,R
1853172493462233255,https://x.com/Lord_God_Love/status/1853172493462233255/photo/1,Sun Nov 03 20:28:47 +0000 2024,31,@OliLondonTV @SDachsie https://t.co/rwABbz8z9r,8,0,833,Lord_God_Love,Lord God,12331,29.6340206185567,5749,,Twitter_Scrape\Target_Trump\Pro\Images\peanut_cropped.jpg,N/A,pro-trump,R
1852428096063820057,https://x.com/Lord_God_Love/status/1852428096063820057/photo/1,Fri Nov 01 19:10:49 +0000 2024,2,"@realDonaldTrump Thanks,  my president.  God bless you ğŸ™ ğŸ¤ğŸ•Š https://t.co/OSncxGowEa",0,0,78,Lord_God_Love,Lord God,12331,29.6340206185567,5749,,Twitter_Scrape\Target_Trump\Pro\Images\trump_hug.jpg,Twitter_Scrape\Target_Trump\Pro\Comments\trump_hug.csv,pro-trump,R
1852573651842793564,https://x.com/Lord_God_Love/status/1852573651842793564/photo/1,Sat Nov 02 04:49:12 +0000 2024,5,"@realDonaldTrump We are together, my president, to rebuild the nation. ğŸ‡ºğŸ‡¸ğŸ™ğŸ¤ğŸ•Š We will have a great nation again. ğŸ¤ğŸ¤ğŸ¤ğŸ¤ğŸ¤ğŸ¤ğŸ¤ğŸ¤ğŸ¤ğŸ¤ğŸ¤ğŸ¤ğŸ¤ https://t.co/MZg4YqryXQ",5,0,205,Lord_God_Love,Lord God,12331,29.6340206185567,5749,,Twitter_Scrape\Target_Trump\Pro\Images\trump_truck.jpg,Twitter_Scrape\Target_Trump\Pro\Comments\trump_truck.csv,pro-trump,R
1852788892191363330,https://x.com/Lord_God_Love/status/1852788892191363330/photo/1,Sat Nov 02 19:04:29 +0000 2024,3,@elonmusk First free speech.ğŸ‘ŠğŸ‘ŠğŸ‘Š https://t.co/lkoLmkSQkn,0,0,109,Lord_God_Love,Lord God,12331,29.6340206185567,5749,,Twitter_Scrape\Target_Trump\Pro\Images\elon_smile.jpg,Twitter_Scrape\Target_Trump\Pro\Comments\elon_smile.csv,pro-trump,R
1852807414212645360,https://x.com/Lord_God_Love/status/1852807414212645360/photo/1,Sat Nov 02 20:18:05 +0000 2024,254,@elonmusk We protect our pets. https://t.co/Q0iJ8i7Qou,48,2,6527,Lord_God_Love,Lord God,12331,29.6340206185567,5749,,Twitter_Scrape\Target_Trump\Pro\Images\run_duck.jpg,Twitter_Scrape\Target_Trump\Pro\Comments\run_duck.csv,pro-trump,R
1852893339944735179,https://x.com/Lord_God_Love/status/1852893339944735179/photo/1,Sun Nov 03 01:59:31 +0000 2024,3,@catturd2 https://t.co/mBxHD43nHC,1,0,63,Lord_God_Love,Lord God,12331,29.6340206185567,5749,,Twitter_Scrape\Target_Trump\Pro\Images\trumpXpeanut.jpg,N/A,pro-trump,R
1853129173578990077,https://x.com/Lord_God_Love/status/1853129173578990077/photo/1,Sun Nov 03 17:36:39 +0000 2024,9,"@ScottPresler Thank you,  Scott ğŸ¤â¤ï¸ğŸ•ŠğŸ‡ºğŸ‡¸ Evil will not win. Vote Trump. Find red votes and let's vote. Together our light will overcome the darkness. https://t.co/28X4QhWpqR",3,1,236,Lord_God_Love,Lord God,12331,29.6340206185567,5749,,Twitter_Scrape\Target_Trump\Pro\Images\jesusxpeanut.jpg,Twitter_Scrape\Target_Trump\Pro\Comments\jesusxpeanut.csv,pro-trump,R
1853158955134099458,https://x.com/Lord_God_Love/status/1853158955134099458/photo/1,Sun Nov 03 19:34:59 +0000 2024,7,@libsoftiktok Out with Obama and the deep state. November 5th he has to be out. Vote Trump ğŸ‡ºğŸ‡¸ğŸ‡ºğŸ‡¸ğŸ‡ºğŸ‡¸ğŸ‡ºğŸ‡¸ğŸ‡ºğŸ‡¸ https://t.co/7Fla3ta7Pw,1,0,56,Lord_God_Love,Lord God,12331,29.6340206185567,5749,,Twitter_Scrape\Target_Trump\Pro\Images\animal_guilt.jpg,Twitter_Scrape\Target_Trump\Pro\Comments\animal_guilt.csv,pro-trump,R
1853215578556645654,https://x.com/Lord_God_Love/status/1853215578556645654/photo/1,Sun Nov 03 23:19:59 +0000 2024,0,@EXCELLENTSALVIC I follow everyone back. United Patriots. Share and grow our network of patriotic friends. I love Jesus. ğŸš€ğŸš€ğŸš€ @Lord_God_Love ğŸš€ğŸš€ğŸš€ #IFBAP ğŸ‡ºğŸ‡¸ğŸ‡ºğŸ‡¸ğŸ‡ºğŸ‡¸â­ï¸â­ï¸â­ï¸â­ï¸â­ï¸â­ï¸ https://t.co/9K9NYrywJe,0,0,26,Lord_God_Love,Lord God,12331,29.6340206185567,5749,#IFBAP,Twitter_Scrape\Target_Trump\Pro\Images\armed_animal.jpg,Twitter_Scrape\Target_Trump\Pro\Comments\armed_animal.csv,pro-trump,R
1853478298111930862,https://x.com/Lord_God_Love/status/1853478298111930862/photo/1,Mon Nov 04 16:43:56 +0000 2024,7,"Great friend Tomais @TomaisMac, I am very grateful to you for always helping us. I'm inspired by you to help small accounts like mine. United we will win.ğŸ‡ºğŸ‡²ğŸ‡ºğŸ‡² Drum, I want to say that tomorrow the celebration will be big. Vote Trump.ğŸ‡ºğŸ‡²ğŸ‡ºğŸ‡²ğŸ‡ºğŸ‡² I follow everyone back.ğŸ‡ºğŸ‡¸ğŸ‡ºğŸ‡¸ğŸ‡ºğŸ‡¸ I reposted. Let's walk together.",6,0,148,Lord_God_Love,Lord God,12331,29.6340206185567,5749,,Twitter_Scrape\Target_Trump\Pro\Images\trump_walk.jpg,Twitter_Scrape\Target_Trump\Pro\Comments\trump_walk.csv,pro-trump,R
1853627833718894612,https://x.com/Lord_God_Love/status/1853627833718894612/photo/1,Tue Nov 05 02:38:08 +0000 2024,30,@elonmusk @realDonaldTrump @joerogan FOR OUR RECONSTRUCTED NATION VOTE TRUMP.  OUR DREAMS WILL NOT BE LOST.  THE ONLY CHANCE WE HAVE IS TRUMP. ğŸ‡ºğŸ‡¸ğŸ‡ºğŸ‡¸ğŸ‡ºğŸ‡¸ğŸ‡ºğŸ‡¸ğŸ‡ºğŸ‡¸ https://t.co/OK5bNZFvkh,13,1,2828,Lord_God_Love,Lord God,12331,29.6340206185567,5749,,Twitter_Scrape\Target_Trump\Pro\Images\smile_flag.jpg,Twitter_Scrape\Target_Trump\Pro\Comments\smile_flag.csv,pro-trump,R
1853316747660583366,https://x.com/NotADirtyDem/status/1853316747660583366/photo/1,Mon Nov 04 06:02:00 +0000 2024,0,They didnâ€™t replace Biden w/Kamala bc she wouldâ€™ve had to start doing all the LIES sheâ€™s is promising while campaigning..   so instead the Democrats just let Biden stay(not running the country) so Kamala can run on her Fake Promises and deceive the people .. https://t.co/eG0s4xMaeS,1,0,30,NotADirtyDem,Censored American NO MORE,3493,29.99829931972789,52917,,Twitter_Scrape\Target_Harris\Anti\Images\sheep.jpg,N/A,anti-harris,R
1850475722130792826,https://x.com/NotADirtyDem/status/1850475722130792826/photo/1,Sun Oct 27 09:52:46 +0000 2024,0,@elonmusk https://t.co/NkgLKhS7a7,0,0,21,NotADirtyDem,Censored American NO MORE,3493,29.99829931972789,52917,,Twitter_Scrape\Target_Harris\Anti\Images\floor.jpg,N/A,anti-harris,R
1833608243286835272,https://x.com/Tek_Roo/status/1833608243286835272,Tue Sep 10 20:47:26 +0000 2024,2,@RepSwalwell Only Donald Trump can save the animals from Democrat policies. https://t.co/j2MbLRXV0a,0,0,32,Tek_Roo,Tek Roo 2028 ğŸ‡ºğŸ‡¸,2399,29.54486422668241,150147,,Twitter_Scrape\Target_Trump\Pro\Images\kind_trump.jpg,Twitter_Scrape\Target_Trump\Pro\Comments\trump-kind.csv
1855631149692768412,https://x.com/Twitermytweet/status/1855631149692768412/photo/1,Sun Nov 10 15:18:36 +0000 2024,97,@CollinRugg She can speak with her at McDonaldâ€™s next year https://t.co/sO5kTpnojh,17,2,2749,Twitermytweet,Mr. Bigglesworth Memes ğ•,27554,4.819353070175438,17581,,Twitter_Scrape\Target_Harris\Anti\Images\MC_prost2.jpg,Twitter_Scrape\Target_Harris\Anti\Comments\MC_prost2.csv,anti-harris,R
1854285887560921512,https://x.com/Twitermytweet/status/1854285887560921512/photo/1,Wed Nov 06 22:13:01 +0000 2024,901,@KaiTrumpGolfs @elonmusk Time to take out the trash and move in the White House https://t.co/S7YQNnyorI,84,25,62827,Twitermytweet,Mr. Bigglesworth Memes ğ•,27554,4.819353070175438,17581,,Twitter_Scrape\Target_Trump\Pro\Images\trashman.jpg,Twitter_Scrape\Target_Trump\Pro\Comments\trashman.csv,pro-trump,R
1846228703170490487,https://x.com/Twitermytweet/status/1846228703170490487/photo/1,Tue Oct 15 16:36:38 +0000 2024,20,@CollinRugg This is more reason to lock them all up https://t.co/5tZLnPpRBk,3,0,535,Twitermytweet,Mr. Bigglesworth Memes ğ•,27554,4.819353070175438,17581,,Twitter_Scrape\Target_Harris\Anti\Images\harris_team_jail2.jpg,Twitter_Scrape\Target_Harris\Anti\Comments\harris_team_jail2.csv,anti-harris,R
1846309007352357011,https://x.com/Twitermytweet/status/1846309007352357011/photo/1,Tue Oct 15 21:55:44 +0000 2024,2,@MattWallace888 Remember this when you vote!!! https://t.co/uYlzQAJGUS,1,0,121,Twitermytweet,Mr. Bigglesworth Memes ğ•,27554,4.819353070175438,17581,,Twitter_Scrape\Target_Harris\Anti\Images\flood.jpg,Twitter_Scrape\Target_Harris\Anti\Comments\flood.csv,anti-harris,R
1854934221825229162,https://x.com/politvidchannel/status/1854934221825229162/photo/1,Fri Nov 08 17:09:16 +0000 2024,28740,BREAKING: New York State could Force Trump to Live in a Jail Cell for the entire 4 years of his Presidency https://t.co/eGP2tmBQul,3540,1190,713324,politvidchannel,PoliticsVideoChannel,200847,13.73565700185071,44531,,Twitter_Scrape\Target_Trump\Anti\Images\prison_suit.jpg,Twitter_Scrape\Target_Trump\Anti\Comments\prison_suit.csv,anti-trump,D
1848736960652993019,https://x.com/TheVladsven/status/1848736960652993019/photo/1,Tue Oct 22 14:43:33 +0000 2024,2,"BREAKING:  Danica Patrick is in love with Scott Jennings.  In response, the Trump campaign visits another a MAGA McDonalds with Putin https://t.co/uFsaws2gJy",1,1,332,TheVladsven,Trump Resistance Factor 9,925,25.25850965961361,27456,,Twitter_Scrape\Target_Trump\Anti\Images\trump_putin.jpg,N/A,anti-trump,D
1849964188808118665,https://x.com/TheVladsven/status/1849964188808118665/photo/1,Sat Oct 26 00:00:07 +0000 2024,55,"BREAKING - IDF officially confirms Israel striking Iran!!! Trump orders North Korean troops to Ukraine.  Israel and Iran at war, Putin demands backrub from Trump, who complains in a golden diaper.  Beyonce loves Kamala  #iran #Tehran #Israel https://t.co/sHUVKO1XmJ",20,14,21295,TheVladsven,Trump Resistance Factor 9,925,25.25850965961361,27456,"#iran, #Tehran, #Israel",Twitter_Scrape\Target_Trump\Anti\Images\trump_nkposter.jpg,Twitter_Scrape\Target_Trump\Anti\Comments\trump_nkposter.csv,anti-trump,D
1849964830838620214,https://x.com/TheVladsven/status/1849964830838620214/photo/1,Sat Oct 26 00:02:41 +0000 2024,1,"BREAKING - IDF officially confirms Israel striking Iran breakfast cereal production facilities.  Israel and Iran at war, Putin owns Trump, who sold nuclear war plans to Saudis for $2b.  Beyonce loves Kamala not MAGA  #iran #Tehran #Israel https://t.co/34Wtr2NcHA",0,0,1202,TheVladsven,Trump Resistance Factor 9,925,25.25850965961361,27456,"#iran, #Tehran, #Israel",Twitter_Scrape\Target_Trump\Anti\Images\trump_docposter.jpg,N/A,anti-trump,D
1849967223496114569,https://x.com/TheVladsven/status/1849967223496114569/photo/1,Sat Oct 26 00:12:11 +0000 2024,1,"BREAKING - IDF officially confirms Israel striking Iran!!! Trump orders North Korean troops to Ukraine.  Israel and Iran at war, Putin demands backrub from Trump MAGA anger cult, who complains in a golden diaper.  Beyonce loves Kamala, not Melatonin Trump #iran #Tehran #Israel https://t.co/fgHBMH5Rmz",1,4,1348,TheVladsven,Trump Resistance Factor 9,925,25.25850965961361,27456,"#iran, #Tehran, #Israel",Twitter_Scrape\Target_Trump\Anti\Images\devil_mel.jpg,Twitter_Scrape\Target_Trump\Anti\Comments\devil_mel.csv,anti-trump,D
1850273660973817954,https://x.com/TheVladsven/status/1850273660973817954/photo/1,Sat Oct 26 20:29:51 +0000 2024,2,"""I want to thank the Washington Post for making it clear that I am above the law and Jesus.  I can't wait to arrest Nicole Wallace and Former Chief of Staff John Kelly."" - Donald Trump #WaPoMeltDown #KamalaHarris #TrumpVance2024 #WashingtonPost https://t.co/sFfDIHBf5v",1,0,200,TheVladsven,Trump Resistance Factor 9,925,25.25850965961361,27456,"#WaPoMeltDown, #KamalaHarris, #TrumpVance2024, #WashingtonPost",Twitter_Scrape\Target_Trump\Anti\Images\multi_trump_devil.jpg,N/A,anti-trump,D
1853458731066872005,https://x.com/TheVladsven/status/1853458731066872005/photo/1,Mon Nov 04 15:26:11 +0000 2024,0,@ResisterSis20 I think Trump has Covid! https://t.co/8fUTqSJSkG,0,0,12,TheVladsven,Trump Resistance Factor 9,925,25.25850965961361,27456,,Twitter_Scrape\Target_Trump\Anti\Images\trump_trash.jpg,Twitter_Scrape\Target_Trump\Anti\Comments\trump_trash.csv,anti-trump,D
1853815884751475021,https://x.com/TheVladsven/status/1853815884751475021/photo/1,Tue Nov 05 15:05:23 +0000 2024,1,"Once again, I proudly voted for Jonald J. Trump Jr.  Make Russia Great Again. ğŸ‡ºğŸ‡¸ #VotedforTrump #Trump2024 #TrumpVance2024 #HarrisWalz2024 #BlueWave2024 https://t.co/MkxyhPAPLy",2,0,184,TheVladsven,Trump Resistance Factor 9,925,25.25850965961361,27456,"#VotedforTrump, #Trump2024, #TrumpVance2024, #HarrisWalz2024, #BlueWave2024",Twitter_Scrape\Target_Trump\Anti\Images\putin_support_trump.jpg,N/A,anti-trump,D
1853816344505901333,https://x.com/TheVladsven/status/1853816344505901333/photo/1,Tue Nov 05 15:07:13 +0000 2024,0,"Hi, I'm Vlad.  I'm not afraid to say that I voted for Donald J. Trump again. MAGA is the best for my nation. Yours, not so much. ğŸ‡ºğŸ‡¸ #VotedforTrump #Trump2024 #TrumpVance2024 #HarrisWalz2024 #russia https://t.co/kvVgVGrQio",0,0,155,TheVladsven,Trump Resistance Factor 9,925,25.25850965961361,27456,"#VotedforTrump, #Trump2024, #TrumpVance2024, #HarrisWalz2024, #russia",Twitter_Scrape\Target_Trump\Anti\Images\putin_support.jpg,N/A,anti-trump,D
1853818658231124046,https://x.com/TheVladsven/status/1853818658231124046/photo/1,Tue Nov 05 15:16:25 +0000 2024,0,VOTE!  We have a new presidential outfit ready for Jonald J. Trump Jr.   ğŸ‡ºğŸ‡¸ #VotedforTrump #Trump2024 #TrumpVance2024 #HarrisWalz2024 #russia #TrumpIsGoingDown #BlueWave2024 https://t.co/3yZDXozLjF,0,0,259,TheVladsven,Trump Resistance Factor 9,925,25.25850965961361,27456,"#VotedforTrump, #Trump2024, #TrumpVance2024, #HarrisWalz2024, #russia, #TrumpIsGoingDown, #BlueWave2024",Twitter_Scrape\Target_Trump\Anti\Images\trump_prison.jpg,N/A,anti-trump,D
1854408557896057277,https://x.com/TheVladsven/status/1854408557896057277/photo/1,Thu Nov 07 06:20:28 +0000 2024,0,"Donald Trump has won everything, this Twitter account is done, I surrender.  All hail King Trump.  Merrick Garland, you did nothing to save the USA.  #trump  #sad #MerrickGarland #Election2024 https://t.co/EJFk2z3OVK",0,0,145,TheVladsven,Trump Resistance Factor 9,925,25.25850965961361,27456,"#trump, #sad, #MerrickGarland, #Election2024",Twitter_Scrape\Target_Trump\Anti\Images\dictator_trump.jpg,N/A,anti-trump,D
1868817338134675555,https://x.com/TheVladsven/status/1868817338134675555/photo/1,Tue Dec 17 00:35:49 +0000 2024,0,Joe Biden is Dead .  Meathead Justin Trudeau  is still Dead.  Constitutional Amendment ?  How about enforce the laws we have.  Jim Acosta say what - Trump ?  YEP NOPE YEEEEHAW.  Kim JOng UN has dental floss https://t.co/KMuo2iJJVP,1,0,863,TheVladsven,Trump Resistance Factor 9,925,25.25850965961361,27456,,Twitter_Scrape\Target_Trump\Anti\Images\trump_prison2.jpg,N/A,anti-trump,D
1866244349450957203,https://x.com/TheVladsven/status/1866244349450957203/photo/1,Mon Dec 09 22:11:40 +0000 2024,0,"Luigi Mangione is a friend of mine who valiantly stormed the capitol on January 6.  Give him a McRib, not jail.  Ivanka is hot.  #Trump2024 https://t.co/C0awgn11JA",1,0,717,TheVladsven,Trump Resistance Factor 9,925,25.25850965961361,27456,#Trump2024,Twitter_Scrape\Target_Trump\Anti\Images\trump_guitar.jpg,N/A,anti-trump,D
1638266286307172353,https://x.com/Free_Media_Hub/status/1638266286307172353,Tue Mar 21 19:48:14 +0000 2023,211,Breaking News Trump has been arrested after a brief struggle with Police reports say images courtesy of Rooters https://t.co/QINQ2CQRqu,47,45,25299,Free_Media_Hub,Free Syria Media Hub,230581,166.71770623742455,828587,,Twitter_Scrape\Target_Trump\Anti\Images\trump_running_arrest,Twitter_Scrape\Target_Trump\Anti\Comments\trump_run_arrest2.csv,anti-trump,D
1853562860758044849,https://x.com/Free_Media_Hub/status/1853562860758044849/photo/1,Mon Nov 04 22:19:58 +0000 2024,12,25th November puff daddy and P Diddy https://t.co/LwcKtXH8cS,6,1,1241,Free_Media_Hub,Free Syria Media Hub,230581,166.71770623742455,828587,,Twitter_Scrape\Target_Trump\Anti\Images\diddy_trump.jpg,Twitter_Scrape\Target_Trump\Anti\Comments\diddy_trump.csv,anti-trump,D
1828204302369698219,https://x.com/Bloomer99999/status/1828204302369698219/photo/1,Mon Aug 26 22:54:06 +0000 2024,4,#KamalaWinswithJoy https://t.co/Uj4wmZeyQ7,2,1,56,Bloomer99999,Nabster ğŸ’™ğŸ‡ºğŸ‡¸ğŸ¦…ğŸ‡ºğŸ‡¸ğŸ’™,4099,62.57857142857143,70088,#KamalaWinswithJoy,Twitter_Scrape\Target_Trump\Anti\Images\trump_sign.jpg,N/A,anti-trump,D
1835850235022626962,https://x.com/Bloomer99999/status/1835850235022626962/photo/1,Tue Sep 17 01:16:19 +0000 2024,14,#TrumpIsALaughingStock https://t.co/PrUJLctDhB,1,2,2264,Bloomer99999,Nabster ğŸ’™ğŸ‡ºğŸ‡¸ğŸ¦…ğŸ‡ºğŸ‡¸ğŸ’™,4099,62.57857142857143,70088,#TrumpIsALaughingStock,Twitter_Scrape\Target_Trump\Anti\Images\trump_heels.jpg,N/A,anti-trump,D
1862404339031056670,https://x.com/DevStevatoMusic/status/1862404339031056670/photo/1,Fri Nov 29 07:52:50 +0000 2024,1,Where is the money?? #Election2024 #Elections2024 #OnePointFiveBillionDollars https://t.co/rsZbLKfz61,1,0,51,DevStevatoMusic,Dev Stevato Music - Ultra MAGA Crusader,1201,25.72320596458528,27601,"#Election2024, #Elections2024, #OnePointFiveBillionDollars",Twitter_Scrape\Target_Harris\Anti\Images\devil.jpg,N/A,anti-harris,R
1855724680067396057,https://x.com/DevStevatoMusic/status/1855724680067396057/video/1,Sun Nov 10 21:30:16 +0000 2024,7,"ILLEGAL ALIENS have the unmitigated gall to protest the re-election of President Trump. Well, I have a message for them...  #MassDeportations #MassDeportationsNow #GTFO #Election2024 #ElectionResults #ILLEGALS #IllegalAliens #IllegalImmigrants #Illegalimmigration https://t.co/PEWOVBN8Pd",3,1,680,DevStevatoMusic,Dev Stevato Music - Ultra MAGA Crusader,1201,25.72320596458528,27601,"#MassDeportations, #MassDeportationsNow, #GTFO, #Election2024, #ElectionResults, #ILLEGALS, #IllegalAliens, #IllegalImmigrants, #Illegalimmigration",Twitter_Scrape\Target_Trump\Pro\Images\illegal.jpg,Twitter_Scrape\Target_Trump\Pro\Comments\illegal.csv,pro-trump,R
1854295844796641381,https://x.com/DevStevatoMusic/status/1854295844796641381/photo/1,Wed Nov 06 22:52:35 +0000 2024,1,#Election2024 #Elections2024 #MAGA https://t.co/K1yw3WHFaP,1,1,76,DevStevatoMusic,Dev Stevato Music - Ultra MAGA Crusader,1201,25.72320596458528,27601,"#Election2024, #Elections2024, #MAGA",Twitter_Scrape\Target_Harris\Anti\Images\homeless.jpg,Twitter_Scrape\Target_Harris\Anti\Comments\homeless.csv,anti-harris,R
1850386077665644816,https://x.com/DevStevatoMusic/status/1850386077665644816/video/1,Sun Oct 27 03:56:34 +0000 2024,5,"The VP indeed worked at Mickey D's in her younger years. Prior to meeting her benefactor Free Willy Brown, she worked as a lot lizard on the premises of numerous stores. At times she provided service in the public facilities located inside. #Election2024 #Elections2024 #McDonalds https://t.co/tQm7hUz6ZU",5,1,3734,DevStevatoMusic,Dev Stevato Music - Ultra MAGA Crusader,1201,25.72320596458528,27601,"#Election2024, #Elections2024, #McDonalds",Twitter_Scrape\Target_Harris\Anti\Images\MC_prost.jpg,Twitter_Scrape\Target_Harris\Anti\Comments\MC_prost.csv,anti-harris,R
1848315365136187527,https://x.com/DevStevatoMusic/status/1848315365136187527/photo/1,Mon Oct 21 10:48:17 +0000 2024,2,They're not who you think they are... #Cosplay #Elections2024 #Election2024 https://t.co/6QaXI4uHfu,1,0,88,DevStevatoMusic,Dev Stevato Music - Ultra MAGA Crusader,1201,25.72320596458528,27601,"#Cosplay, #Elections2024, #Election2024",Twitter_Scrape\Target_Harris\Anti\Images\clown_prost.jpg,N/A,anti-harris,R
1846631868013175211,https://x.com/DevStevatoMusic/status/1846631868013175211/photo/1,Wed Oct 16 19:18:40 +0000 2024,3,Last ditch effort to shore up support from the brothas... #Elections2024 #Election2024 https://t.co/GNi6QWdoSQ,1,0,134,DevStevatoMusic,Dev Stevato Music - Ultra MAGA Crusader,1201,25.72320596458528,27601,"#Elections2024, #Election2024",Twitter_Scrape\Target_Harris\Anti\Images\gun_handout.jpg,N/A,anti-harris,R
1812350096677249288,https://x.com/DevStevatoMusic/status/1812350096677249288/photo/1,Sun Jul 14 04:55:09 +0000 2024,0,There are no f cking coincidences!! #Trump2024 #AssassinationPlot https://t.co/xsdjo4AR6i,0,0,222,DevStevatoMusic,Dev Stevato Music - Ultra MAGA Crusader,1201,25.72320596458528,27601,"#Trump2024, #AssassinationPlot",Twitter_Scrape\Target_Harris\Anti\Images\biden_shoot.jpg,N/A,anti-harris,R
1810303525605327320,https://x.com/DevStevatoMusic/status/1810303525605327320/photo/1,Mon Jul 08 13:22:48 +0000 2024,1,Nope. Nope. You're not gonna do it!! https://t.co/Yhh37A9pXV,1,0,31,DevStevatoMusic,Dev Stevato Music - Ultra MAGA Crusader,1201,25.72320596458528,27601,,Twitter_Scrape\Target_Harris\Anti\Images\mlk.jpg,N/A,anti-harris,R
1838427035447816559,https://x.com/D1a2y3Day/status/1838427035447816559/photo/1,Tue Sep 24 03:55:36 +0000 2024,1,Secret Service Whistleblower Says #Trump #Assassination Was Inside Job https://t.co/GffkXdtyjL,0,1,55,D1a2y3Day,daytripper,600,2.554268554268554,11908,"#Trump, #Assassination",Twitter_Scrape\Target_Harris\Anti\Images\guns_harris.jpg,Twitter_Scrape\Target_Harris\Anti\Comments\guns_harris.csv,anti-harris,R
1849251156276469937,https://x.com/D1a2y3Day/status/1849251156276469937/photo/1,Thu Oct 24 00:46:47 +0000 2024,1,"#harris says she is black, (she is really Indian) but she put 1500 black men in jail for small amounts of  Marijuana  , while #harris bragged about smoking marijuana her self , big hypocrite. https://t.co/mPbQkAknDZ",0,0,78,D1a2y3Day,daytripper,600,2.554268554268554,11908,"#harris, #harris",Twitter_Scrape\Target_Harris\Anti\Images\smoke.jpg,N/A,anti-harris,R
1837264677606150565,https://x.com/D1a2y3Day/status/1837264677606150565/photo/1,Fri Sep 20 22:56:48 +0000 2024,2,"#Harris is trying to win the black vote by claiming she is black???? Donâ€™t be fooled she is not black , she is lying ?she is a binary liar. She is in love with power and will say or do anything to get it . https://t.co/kAnF9ixrCN",1,2,407,D1a2y3Day,daytripper,600,2.554268554268554,11908,#Harris,Twitter_Scrape\Target_Harris\Anti\Images\clown.jpg,Twitter_Scrape\Target_Harris\Anti\Comments\clown.csv,anti-harris,R
1851208858934399358,https://x.com/xoxoitsjanai/status/1851208858934399358/photo/1,Tue Oct 29 10:26:00 +0000 2024,1194,"Morning all! Remember the mission. Get Trump in office, yes? #MAGA. https://t.co/CSeYO3RS8C",66,80,24614,xoxoitsjanai,Janai RamÃ­rez,10109,34.85245901639344,6378,#MAGA.,Twitter_Scrape\Target_Trump\Pro\Images\brunette_maga.jpg,Twitter_Scrape\Target_Trump\Pro\Comments\brunette_maga.csv,pro-trump,R
1851631140982997290,https://x.com/xoxoitsjanai/status/1851631140982997290/photo/1,Wed Oct 30 14:24:00 +0000 2024,687,Donâ€™t forget to runnnnn and vote. Annoy your friends and family if you to.  Thatâ€™s the mission! #MAGA2024 #MAGA #Trump2024 #Trump2024Vance https://t.co/M6sDaj2WZU,71,40,14101,xoxoitsjanai,Janai RamÃ­rez,10109,34.85245901639344,6378,"#MAGA2024, #MAGA, #Trump2024, #Trump2024Vance",Twitter_Scrape\Target_Trump\Pro\Images\MAGA_sweater.jpg,Twitter_Scrape\Target_Trump\Pro\Comments\MAGA_sweater.csv,pro-trump,R
1851973724104204648,https://x.com/xoxoitsjanai/status/1851973724104204648/photo/1,Thu Oct 31 13:05:18 +0000 2024,5786,Donâ€™t forget about the objective and go vote for Trump! Get your friends and family on the same page! #MAGA #MAGA2024 #Trump2024 https://t.co/hikjs2CQz1,293,196,90372,xoxoitsjanai,Janai RamÃ­rez,10109,34.85245901639344,6378,"#MAGA, #MAGA2024, #Trump2024",Twitter_Scrape\Target_Trump\Pro\Images\maga_beach_hat.jpg,Twitter_Scrape\Target_Trump\Pro\Comments\maga_beach_hat.csv,pro-trump,R
1852854891905204292,https://x.com/xoxoitsjanai/status/1852854891905204292/photo/1,Sat Nov 02 23:26:45 +0000 2024,3347,Get everyone you know on board to vote! #MAGA #MAGA2024 #Trump2024 #Trump2024Vance #TrumpVance2024ToSaveAmerica https://t.co/YvXMNMfcdv,237,133,45809,xoxoitsjanai,Janai RamÃ­rez,10109,34.85245901639344,6378,"#MAGA, #MAGA2024, #Trump2024, #Trump2024Vance, #TrumpVance2024ToSaveAmerica",Twitter_Scrape\Target_Trump\Pro\Images\MAGA_crop.jpg,Twitter_Scrape\Target_Trump\Pro\Comments\MAGA_crop.csv,pro-trump,R
1853402010818650120,https://x.com/xoxoitsjanai/status/1853402010818650120/photo/1,Mon Nov 04 11:40:48 +0000 2024,2793,Repost to make sure everyone and their mother get out to vote this Monday! #MAGA #MAGA2024 #Trump2024 #Trump2024Vance https://t.co/OcEUVSTDS1,234,106,64855,xoxoitsjanai,Janai RamÃ­rez,10109,34.85245901639344,6378,"#MAGA, #MAGA2024, #Trump2024, #Trump2024Vance",Twitter_Scrape\Target_Trump\Pro\Images\MAGA_hat_livingRoom.jpg,Twitter_Scrape\Target_Trump\Pro\Comments\MAGA_hat_livingRoom.csv,pro-trump,R
1853825690832891972,https://x.com/xoxoitsjanai/status/1853825690832891972/photo/1,Tue Nov 05 15:44:21 +0000 2024,1087,Yeehaw! Yâ€™all voted yet? Repost to ensure all cowboys are up to speed! #MAGA #MAGA2024 #Trump2024 #TrumpVance2024 #Trump4U https://t.co/ihNtEoF7Hk,114,66,15443,xoxoitsjanai,Janai RamÃ­rez,10109,34.85245901639344,6378,"#MAGA, #MAGA2024, #Trump2024, #TrumpVance2024, #Trump4U",Twitter_Scrape\Target_Trump\Pro\Images\MAGA_cowboy_hat.jpg,Twitter_Scrape\Target_Trump\Pro\Comments\MAGA_cowboy_hat.csv,pro-trump,R
1853105687724736582,https://x.com/xoxoitsjanai/status/1853105687724736582/photo/1,Sun Nov 03 16:03:19 +0000 2024,2347,Donâ€™t forget to do your part!  #MAGA #MAGA2024 #Trump2024 #Trump2024Vance https://t.co/fxyK1zIp0F,150,102,37982,xoxoitsjanai,Janai RamÃ­rez,10109,34.85245901639344,6378,"#MAGA, #MAGA2024, #Trump2024, #Trump2024Vance",Twitter_Scrape\Target_Trump\Pro\Images\MAGA_hat_office.jpg,Twitter_Scrape\Target_Trump\Pro\Comments\MAGA_hat_office.csv,pro-trump,R
1854215639952478596,https://x.com/harleybellexo/status/1854215639952478596/photo/1,Wed Nov 06 17:33:52 +0000 2024,2432,Looking towards a bright and prosperous future ğŸ¥°   #Trump2024 #Trump #MAGA #MAGA2024 https://t.co/UEYEqNZCze,146,64,29584,harleybellexo,HarleyBelle,4275,28.07407407407408,2274,"#Trump2024, #Trump, #MAGA, #MAGA2024",Twitter_Scrape\Target_Trump\Pro\Images\beach_merch.jpg,Twitter_Scrape\Target_Trump\Pro\Comments\beach_merch.csv,pro-trump,R
1853882951219679504,https://x.com/harleybellexo/status/1853882951219679504/photo/1,Tue Nov 05 19:31:53 +0000 2024,411,Iâ€™ve officially cast my vote for Donald J Trump for the presidency of The United States of America!! I am proud to have participated in this great process and am proud of all of you as well. Now time to have some comfort food and get ready to watch the results roll in â¤ï¸ğŸ¥‚ğŸ’•  Love you all ğŸ’‹  #Trump2024 #Trump #MAGA2024 #MAGA,27,19,8357,harleybellexo,HarleyBelle,4275,28.07407407407408,2274,"#Trump2024, #Trump, #MAGA2024, #MAGA",Twitter_Scrape\Target_Trump\Pro\Images\trump_plad.jpg,Twitter_Scrape\Target_Trump\Pro\Comments\trump_plad.csv,pro-trump,R
1853797047645929509,https://x.com/harleybellexo/status/1853797047645929509/photo/1,Tue Nov 05 13:50:32 +0000 2024,1350,"Good morning #America â¤ï¸ The day is finally here, let the games begin! Today is the day so many Americans have been waiting for through four incredibly tough and trying years! Today we take back our home and #MakeAmericaGreatAgain ğŸ’• Today the world takes us seriously again and no longer mocks us for being weak. Today is the day, We The People STAND UP! Let the landslide commence ğŸ™ #Trump2024 #Trump #VoteTrump2024ToSaveAmerica #MAGA2024 #MAGA #STANDUP",87,43,18107,harleybellexo,HarleyBelle,4275,28.07407407407408,2274,"#America, #MakeAmericaGreatAgain, #Trump2024, #Trump, #VoteTrump2024ToSaveAmerica, #MAGA2024, #MAGA, #STANDUP",Twitter_Scrape\Target_Trump\Pro\Images\pink_trump.jpg,Twitter_Scrape\Target_Trump\Pro\Comments\pink_trump.csv,pro-trump,R
1852802714725675433,https://x.com/harleybellexo/status/1852802714725675433/photo/1,Sat Nov 02 19:59:25 +0000 2024,649,"Canâ€™t wait to congratulate us all on voting this man as President, AGAIN! #MAGA nation will get this done! Iâ€™m so proud of everything weâ€™ve done until this point. Weâ€™ve got one big day ahead of us and then weâ€™re back babies! #Trump2024 #Trump #VoteTrump2024ToSaveAmerica ğŸ¥°ğŸ˜â¤ï¸ğŸ’•ğŸ«¦",44,20,15196,harleybellexo,HarleyBelle,4275,28.07407407407408,2274,"#MAGA, #Trump2024, #Trump, #VoteTrump2024ToSaveAmerica",Twitter_Scrape\Target_Trump\Pro\Images\red_dress.jpg,Twitter_Scrape\Target_Trump\Pro\Comments\red_dress.csv,pro-trump,R
1852732779420615086,https://x.com/harleybellexo/status/1852732779420615086/photo/1,Sat Nov 02 15:21:31 +0000 2024,896,We #StandwithTrump so the world will respect us again! So we are no longer mocked and ridiculed. So men are not allowed in womenâ€™s sports or our bathrooms. And so weâ€™re not overrun by morons in our government! #MAGA #Trump2024 #STANDUP #Garbage https://t.co/2rrD0KRRpT,87,19,14232,harleybellexo,HarleyBelle,4275,28.07407407407408,2274,"#StandwithTrump, #MAGA, #Trump2024, #STANDUP, #Garbage",Twitter_Scrape\Target_Trump\Pro\Images\trump_shirt_cafe.jpg,Twitter_Scrape\Target_Trump\Pro\Comments\trump_shirt_cafe.csv,pro-trump,R
1851972270517854684,https://x.com/harleybellexo/status/1851972270517854684/photo/1,Thu Oct 31 12:59:31 +0000 2024,491,"Now more than ever we need to stand together and VOTE! We must take back our country and prosper as we once did. Iâ€™m voting for Donald J Trump, are you? #MAGA #Trump2024 #Trump #VoteTrumpVance ğŸ¥°ğŸ˜ğŸ˜˜ https://t.co/K3F3HABbs0",30,17,13848,harleybellexo,HarleyBelle,4275,28.07407407407408,2274,"#MAGA, #Trump2024, #Trump, #VoteTrumpVance",Twitter_Scrape\Target_Trump\Pro\Images\girl_trump_blond.jpg,Twitter_Scrape\Target_Trump\Pro\Comments\girl_trump_blond.csv,pro-trump,R
1853101572475310249,https://x.com/MariamIssa83/status/1853101572475310249,Sun Nov 03 15:46:58 +0000 2024,49,Ø§Ù„Ø³Ù†Ø¬Ø§Ø¨ Peanut.. ÙŠÙ‚Ù„Ø¨ ÙˆÙŠØ¤Ø«Ø± Ø¨Ø§Ù„Ø±Ø£ÙŠ Ø§Ù„Ø¹Ø§Ù… Ø§Ù„Ø§Ù…ÙŠØ±ÙƒÙŠ  ÙˆØ§Ù„Ø¯Ù†ÙŠØ§ Ù‚Ø§ÙŠÙ…Ø© Ù‚Ø§Ø¹Ø¯Ø© Ø­ØªÙ‰ Ø§ÙŠÙ„ÙˆÙ† Ù…Ø§Ø³Ùƒ Ù…Ø´Ù‰ Ø¨Ø§Ù„Ø­Ù…Ù„Ø© ğŸ¿ï¸ğŸ¿ï¸ğŸ¿ï¸ ÙŠØ¹Ù†ÙŠ Ù„Ø§ Ø§Ù„Ø´Ø°ÙˆØ° ÙˆÙ„Ø§ Ø§Ù„Ø¥Ø¬Ù‡Ø§Ø¶ ÙˆÙ„Ø§ Ø§Ù„Ù…ÙˆØª Ø§Ù„Ø±Ø­ÙŠÙ… ÙˆÙ„Ø§ Ø§Ù„Ø­Ø±ÙˆØ¨  ÙˆÙ„Ø§ ÙØ´Ù„Ù‡Ù… Ø¨ÙŠØ³Ù‚Ø· Ù‡Ø§Ø±ÙŠØ³ ÙˆÙ…Ø´Ø±ÙˆØ¹ Ø§ÙˆØ¨Ø§Ù…Ø§  ÙˆØ§Ù†Ù…Ø§ Ø§Ù„Ø³Ù†Ø¬Ø§Ø¨  #ØªØ±Ø§Ù…Ø¨ #ØªØ±Ù…Ø¨ #Ø§Ù„Ø§Ù†ØªØ®Ø§Ø¨Ø§Øª_Ø§Ù„Ø£Ù…Ø±ÙŠÙƒÙŠØ©2024 #Ø§Ù„Ø§Ù†ØªØ­Ø§Ø¨Ø§Øª_Ø§Ù„Ø£Ù…ÙŠØ±ÙƒÙŠØ© #Ù‡Ø§Ø±ÙŠØ³ #Ø§Ù„Ø³Ù†Ø¬Ø§Ø¨,7,9,63776,MariamIssa83,â•°â˜†â˜† Ğ¼Î±ÑÎ¹Î±Ğ¼ Î¹Ñ•Ñ•Î± â˜†â˜†â•®,3880,5.814329738058552,30188,"#ØªØ±Ø§Ù…Ø¨, #ØªØ±Ù…Ø¨, #Ø§Ù„Ø§Ù†ØªØ®Ø§Ø¨Ø§Øª_Ø§Ù„Ø£Ù…Ø±ÙŠÙƒÙŠØ©2024, #Ø§Ù„Ø§Ù†ØªØ­Ø§Ø¨Ø§Øª_Ø§Ù„Ø£Ù…ÙŠØ±ÙƒÙŠØ©, #Ù‡Ø§Ø±ÙŠØ³, #Ø§Ù„Ø³Ù†Ø¬Ø§Ø¨",Twitter_Scrape\Target_Trump\Pro\Images\multi-pics.jpg,Twitter_Scrape\Target_Trump\Pro\Comments\multi-pics.csv,pro-trump,R
1867157914542354753,https://x.com/USABookClub/status/1867157914542354753/photo/1,Thu Dec 12 10:41:51 +0000 2024,133,"It's Christmas time ... ğŸ„  And just like that, you don't need to be a Biologist to tell these are #women ... ğŸ˜˜ğŸ’•   âœ”ï¸ And we are #AmericaFirst beautiful, strong &amp; intelligent #MAGA #Trump women at that. ğŸ‡ºğŸ‡² ğŸ˜‰   #MAGA ğŸ‡ºğŸ‡²ğŸ„ğŸ¦… https://t.co/gxQy4QVpvR",7,26,2107,USABookClub,Susan Kennedy ğŸ‡ºğŸ‡¸ğŸ’•âœï¸ğŸ“–,66235,62.17879486335199,188837,"#women, #AmericaFirst, #MAGA, #Trump, #MAGA",Twitter_Scrape\Target_Trump\Pro\Images\MAGA_hat,Twitter_Scrape\Target_Trump\Pro\Comments\MAGA_hat.csv,pro-trump,R
1865369732683116651,https://x.com/USABookClub/status/1865369732683116651/photo/1,Sat Dec 07 12:16:15 +0000 2024,187,"Happy Saturday morning Patriots!!! ğŸ‡ºğŸ‡²ğŸ‘¨â€ğŸ‘©â€ğŸ‘¦ğŸ’•  â˜ƒï¸ It may be cold outside, but I am thinking warm thoughts &amp; am comforted by the upcoming Inauguration of President @realDonaldTrump &amp; his cabinet appointments, including Patriot @PeteHegseth as Secretary of Defense! ğŸ‡ºğŸ‡²ğŸ‘ğŸ¦…  #MAGA âœï¸ğŸ‡ºğŸ‡²ğŸ¦… https://t.co/n5XCzmiCz9",14,28,1845,USABookClub,Susan Kennedy ğŸ‡ºğŸ‡¸ğŸ’•âœï¸ğŸ“–,66235,62.17879486335199,188837,#MAGA,Twitter_Scrape\Target_Trump\Pro\Images\trump_swim2.jpg,Twitter_Scrape\Target_Trump\Pro\Comments\trump_swim2.csv,pro-trump,R
1863234426089398515,https://x.com/USABookClub/status/1863234426089398515/photo/1,Sun Dec 01 14:51:19 +0000 2024,119,"And just like that, you don't need to be a Biologist to tell these are #women ... ğŸ˜˜ğŸ’•   âœ”ï¸ And we are #AmericaFirst beautiful, strong &amp; intelligent #Trump2024 women at that. ğŸ‡ºğŸ‡² ğŸ˜‰   @USABookClub @Jessica_4_Trump @MELANIATRUMP https://t.co/FyV0m4YWQF",9,11,1511,USABookClub,Susan Kennedy ğŸ‡ºğŸ‡¸ğŸ’•âœï¸ğŸ“–,66235,62.17879486335199,188837,"#women, #AmericaFirst, #Trump2024",Twitter_Scrape\Target_Trump\Pro\Images\USA_suit.jpg,Twitter_Scrape\Target_Trump\Pro\Comments\USA_suit.csv,pro-trump,R
1860288984296947917,https://x.com/USABookClub/status/1860288984296947917/photo/1,Sat Nov 23 11:47:11 +0000 2024,275,"Happy Saturday Patriots!!! ğŸ‡ºğŸ‡²ğŸ‘¨â€ğŸ‘©â€ğŸ‘¦ğŸ’•  Another reminder there is NO mistaking Conservative females for REAL #Women ğŸ˜˜ ...  And Yes, I'm a Trump Girl ... and Proud of it! ğŸ’•   A Conservative, God-Fearing, Pro-Constitution, Pro-Military, Pro-Police, Freedom-Loving #Woman! ğŸ‡ºğŸ‡² ğŸ“œ https://t.co/Jjd24kAcME",22,38,3017,USABookClub,Susan Kennedy ğŸ‡ºğŸ‡¸ğŸ’•âœï¸ğŸ“–,66235,62.17879486335199,188837,"#Women, #Woman!",Twitter_Scrape\Target_Trump\Pro\Images\trump_swim.jpg,Twitter_Scrape\Target_Trump\Pro\Comments\trump_swim.csv,pro-trump,R
1860868657577857120,https://x.com/PogiBatch2/status/1860868657577857120/photo/1,Mon Nov 25 02:10:35 +0000 2024,3,@thehill OnlyFans is next!  Need to recover that -$20M. https://t.co/saZEaZbtKv,0,0,27,PogiBatch2,PogiBatch2,26915,4.364980544747081,5609,,Twitter_Scrape\Target_Harris\Anti\Images\drunk_streets.jpg,Twitter_Scrape\Target_Harris\Anti\Comments\drunk_streets.csv,anti-harris,R
1860756042097058136,https://x.com/PogiBatch2/status/1860756042097058136/photo/1,Sun Nov 24 18:43:06 +0000 2024,47,Like | RT | Follow all Patriots! #MAGA @annakg19 @adnanjj @Ski_zaBoi @Uncle_Tinfoil @5811Alexandra @emma6USA @YummyMoldyBread @TrumpLola @greyman7107 @JTrumpIN @unbenanntangel @NavyVeteranPaul @baz_zigar @unionDemtnowRep @spooky50501 @gracieback2 @devilgun31 @BGHatesTrains13 @cmir_r @cole6M @diaz_luwai45248 @USAFirstPatriot @SweetTexanRose @PatriotDave77 @NolaCookPatriot @Everyday_ET @mrslworld @TJLakers01 @Pat300000 @CTM02592972 @MassholeJay @yorkiemomma4 @45Scooby2 @TheLilRockerMom @VigilantVerity @vickywolrd89560 @SteamHappy123 @dimi313131 @x4Eileen @Primrose771646 @Playteaux1 @xcarekid @Hawkesbay69 @GG15890 @CaritaLue76807 @qunbea239 @FAFOtheFirst @deuschmi @AramineMusic @DcPLTx,28,25,1296,PogiBatch2,PogiBatch2,26915,4.364980544747081,5609,#MAGA,Twitter_Scrape\Target_Trump\Pro\Images\pray_jesus.jpg,N/A,pro-trump,R
1855719297437290673,https://x.com/PogiBatch2/status/1855719297437290673/photo/1,Sun Nov 10 21:08:52 +0000 2024,78,Like | RT | Follow all Patriots! #MAGA2024  @Hawkesbay69 @SagesOasis @enda258 @blackhawkce457 @Everyday_ET @texan_maga @ws1832023 @99JWD @TomaisMac @Vibes7363 @m86742 @Mayflower_21 @KSage1953 @ComfortablyRED @Bruce95943768 @gracieback2 @amaliaclaro1 @TJDOGMANR2 @JeffJun80346519 @AdamSmith45885 @BrandonPowe2 @IamRebelRouser @Ray_P45 @Pat300000 @Rita_Foster_ @AMittermay58216 @b4felines @SilenceDoGood64 @VicCervantes3 @mcain1954 @CynthiaAli95222 @ToniLL22 @JoeHill_Music @RangerMike45 @donald_army @ken_kmak8542 @jjnjpan @gbusequel @Dawn2Light @c_machinegwoman @Richard71107564 @Daniiiiiiiii777 @redpillgoku @diaz_luwai45248 @xcarekid @JoeyT1010 @listcode @Toby3096Gaide @Niknakgirl23 @dixielandrunt,39,49,2140,PogiBatch2,PogiBatch2,26915,4.364980544747081,5609,#MAGA2024,Twitter_Scrape\Target_Trump\Pro\Images\pray_trump.jpg,N/A,pro-trump,R
1854548929905406336,https://x.com/PogiBatch2/status/1854548929905406336/photo/1,Thu Nov 07 15:38:15 +0000 2024,4,@BBCSounds @BBCWorld That really depends on the Puppet Masters.  You know that.  But for now OnlyFans here she comes. https://t.co/RDOMqqSiCm,0,3,218,PogiBatch2,PogiBatch2,26915,4.364980544747081,5609,,Twitter_Scrape\Target_Harris\Anti\Images\harris_streets2.jpg,Twitter_Scrape\Target_Harris\Anti\Comments\harris_streets2.csv,anti-harris,R
1846882322148139050,https://x.com/Theboops01/status/1846882322148139050/photo/1,Thu Oct 17 11:53:53 +0000 2024,1,"@KamalaHQ 11,000,000illegal immigrants getting citizenship that is what was in the bill we have an invasion. NOT ONE of THEM were tested. Thatâ€™s when I discovered COVID was a HOAX KaMALA is SCUM https://t.co/0LSW1fc0Kr",0,0,54,Theboops01,TrumpGirl,9866,132.96050955414012,104374,,Twitter_Scrape\Target_Harris\Anti\Images\immigration.jpg,Twitter_Scrape\Target_Harris\Anti\Comments\immigration.csv,anti-harris,R
1853819309958545625,https://x.com/Rnelle2003/status/1853819309958545625,Tue Nov 05 15:19:00 +0000 2024,6,Trump Trump Trump! ğŸ™ğŸ»ğŸ‡ºğŸ‡¸â¤ï¸ https://t.co/Q8lD3fXrgP,1,2,491,Rnelle2003,RNelle,637,20.259590792838875,15843,,Twitter_Scrape\Target_Trump\Pro\Images\trump_pray.jpg,N/A,pro-trump,R
1833501911883923871,https://x.com/Rnelle2003/status/1833501911883923871/photo/1,Tue Sep 10 13:44:55 +0000 2024,0,@elonmusk Iâ€™m from Springfield Ohio and everything being reported is true! https://t.co/i97lzeet6Y,0,0,21,Rnelle2003,RNelle,637,20.259590792838875,15843,,Twitter_Scrape\Target_Trump\Pro\Images\run_animals.jpg,Twitter_Scrape\Target_Trump\Pro\Comments\run_animals.csv,pro-trump,R
1833504241207345375,https://x.com/Rnelle2003/status/1833504241207345375/photo/1,Tue Sep 10 13:54:10 +0000 2024,0,@elonmusk Animals lives matter!! https://t.co/IhHIXDaHel,0,0,3,Rnelle2003,RNelle,637,20.259590792838875,15843,,Twitter_Scrape\Target_Trump\Pro\Images\run_crowd.jpg,Twitter_Scrape\Target_Trump\Pro\Comments\run_crowd.csv,pro-trump,R
1833505231767761036,https://x.com/Rnelle2003/status/1833505231767761036/photo/1,Tue Sep 10 13:58:06 +0000 2024,0,@TASPatriot @Jim_Jordan https://t.co/tkMpFJiLpu,0,0,2,Rnelle2003,RNelle,637,20.259590792838875,15843,,Twitter_Scrape\Target_Trump\Pro\Images\pets_trump,Twitter_Scrape\Target_Trump\Pro\Comments\pets_trump.csv,pro-trump,R
1854541781573976389,https://x.com/BakedTurboFlash/status/1854541781573976389/photo/1,Thu Nov 07 15:09:51 +0000 2024,6,@MarioNawfal I wonder what her total alcohol tab was over the campaign https://t.co/DfKMtBrWop,1,0,146,BakedTurboFlash,Baked Turbo Flash,1551,30.685813751087903,35258,,Twitter_Scrape\Target_Harris\Anti\Images\harris_dolls_wine.jpg,Twitter_Scrape\Target_Harris\Anti\Comments\harris_dolls_wine.csv,anti-harris,R
1854332098624057413,https://x.com/BakedTurboFlash/status/1854332098624057413/photo/1,Thu Nov 07 01:16:38 +0000 2024,1,"@1bertoTargaryen @JacobKo16 @NewsWire_US Read the thread , Boomer https://t.co/QnGYAAOIV9",0,1,251,BakedTurboFlash,Baked Turbo Flash,1551,30.685813751087903,35258,,Twitter_Scrape\Target_Harris\Anti\Images\harris_wine_babies.jpg,Twitter_Scrape\Target_Harris\Anti\Comments\harris_wine_babies.csv,anti-harris,R
1854298966126395873,https://x.com/BakedTurboFlash/status/1854298966126395873/photo/1,Wed Nov 06 23:04:59 +0000 2024,7,@LauraPowellEsq Peanut Vengeance https://t.co/K8evCIJTGh,2,0,122,BakedTurboFlash,Baked Turbo Flash,1551,30.685813751087903,35258,,Twitter_Scrape\Target_Trump\Pro\Images\trump_squir.jpg,Twitter_Scrape\Target_Trump\Pro\Comments\trump_squir.csv,pro-trump,R
1854296438580130111,https://x.com/BakedTurboFlash/status/1854296438580130111/photo/1,Wed Nov 06 22:54:56 +0000 2024,2,@AaronBlake Trump voters support a larger degree of Bodily Autonomy than the demoncrats https://t.co/EFcbVcTwYO,0,0,1240,BakedTurboFlash,Baked Turbo Flash,1551,30.685813751087903,35258,,Twitter_Scrape\Target_Harris\Anti\Images\wine_and_kid.jpg,Twitter_Scrape\Target_Harris\Anti\Comments\wine_and_kid.csv,anti-harris,R
1854209390863413427,https://x.com/BakedTurboFlash/status/1854209390863413427/photo/1,Wed Nov 06 17:09:02 +0000 2024,0,They should've left peanut alone https://t.co/OfPSX4eIBZ,1,0,53,BakedTurboFlash,Baked Turbo Flash,1551,30.685813751087903,35258,,Twitter_Scrape\Target_Trump\Pro\Images\trump_pet.jpg,Twitter_Scrape\Target_Trump\Pro\Comments\trump_pet.csv,pro-trump,R
1854206123693203511,https://x.com/BakedTurboFlash/status/1854206123693203511/photo/1,Wed Nov 06 16:56:04 +0000 2024,0,@MSNBC @VaughnHillyard Fluoride and Alcohol and Sugar are banned under project 2025 https://t.co/lLojcon7He,0,0,89,BakedTurboFlash,Baked Turbo Flash,1551,30.685813751087903,35258,,Twitter_Scrape\Target_Harris\Anti\Images\harris_children.jpg,Twitter_Scrape\Target_Harris\Anti\Comments\harris_children.csv,anti-harris,R
1824266265789128906,https://x.com/badcarma69/status/1824266265789128906/photo/1,Fri Aug 16 02:05:45 +0000 2024,36,"The media would like you to believe Kamala is climbing in the poles, the truth is... https://t.co/V9IVEIkA7P",22,2,849,badcarma69,Badcarma69,6450,3.535204451971933,14611,,Twitter_Scrape\Target_Harris\Anti\Images\harris_pole.jpg,Twitter_Scrape\Target_Harris\Anti\Comments\harris_pole.csv,anti-harris,R
1824268274894279016,https://x.com/badcarma69/status/1824268274894279016/photo/1,Fri Aug 16 02:13:44 +0000 2024,5,@drefanzor Don't ever watch the Epstein camera tapes Dre! https://t.co/mddj4rC7IB,1,1,140,badcarma69,Badcarma69,6450,3.535204451971933,14611,,Twitter_Scrape\Target_Harris\Anti\Images\harris_multiple_poles.jpg,Twitter_Scrape\Target_Harris\Anti\Comments\harris_multiple_poles.csv,anti-harris,R
1824249580516511805,https://x.com/badcarma69/status/1824249580516511805/photo/1,Fri Aug 16 00:59:27 +0000 2024,17,"Wait what? First she stole no Tax on Tips ... Now MAGA, this getting out of control! https://t.co/Qd5BZJpXDi",8,1,256,badcarma69,Badcarma69,6450,3.535204451971933,14611,,Twitter_Scrape\Target_Trump\Pro\Images\harris_magahat.jpg,Twitter_Scrape\Target_Trump\Pro\Comments\harris_magahat.csv,pro-trump,R
1853842480791220672,https://x.com/badcarma69/status/1853842480791220672/photo/1,Tue Nov 05 16:51:04 +0000 2024,45,@LaraLeaTrump HOLD THE LINE! https://t.co/NIEB48rKIN,4,4,2048,badcarma69,Badcarma69,6450,3.535204451971933,14611,,Twitter_Scrape\Target_Trump\Pro\Images\girl_maga_merch.jpg,Twitter_Scrape\Target_Trump\Pro\Comments\girl_maga_merch.csv,pro-trump,R
1853895509435621855,https://x.com/badcarma69/status/1853895509435621855/photo/1,Tue Nov 05 20:21:47 +0000 2024,1,@TheRealErod420 Glad you enjoyed!  LET's GO! https://t.co/wFYM9vl6RA,0,1,32,badcarma69,Badcarma69,6450,3.535204451971933,14611,,Twitter_Scrape\Target_Trump\Pro\Images\girl_maga_blkmerch.jpg,Twitter_Scrape\Target_Trump\Pro\Comments\girl_maga_blkmerch.csv,pro-trump,R
1826731293583049049,https://x.com/badcarma69/status/1826731293583049049/photo/1,Thu Aug 22 21:20:54 +0000 2024,2,@KamalaHarris @DouglasEmhoff You 2 look great! https://t.co/VA6DKanLxd,0,0,55,badcarma69,Badcarma69,6450,3.535204451971933,14611,,Twitter_Scrape\Target_Harris\Anti\Images\harris_and_china.jpg,Twitter_Scrape\Target_Harris\Anti\Comments\harris_and_china.csv,anti-harris,R
1853859639021998240,https://x.com/DomHexCrypto/status/1853859639021998240,Tue Nov 05 17:59:15 +0000 2024,7,Fact: this is not AI. GO VOTE Trump. Trump. Trump. Trump. #ElectionDay #Election2024 #Trump2024 #Vote2024 #BuildOnTitanX #Crypto https://t.co/QDJNG1sOns,1,3,753,DomHexCrypto,Dom â¬£ Crypto â¬£ Entrepreneurship â¬£,1572,13.241948802642444,16036,"#ElectionDay, #Election2024, #Trump2024, #Vote2024, #BuildOnTitanX, #Crypto",Twitter_Scrape\Target_Trump\Pro\Images\bikini_trump.jpg,Twitter_Scrape\Target_Trump\Pro\Comments\bikini_trump.csv,pro-trump,R
1853869226429501486,https://x.com/DomHexCrypto/status/1853869226429501486/photo/1,Tue Nov 05 18:37:21 +0000 2024,8,GO VOTE (not AI generated) Trump. Trump. Trump. Trump. #ElectionDay #Election2024 #Trump2024 #Vote2024 #BuildOnTitanX #Crypto #onlyfans https://t.co/B62nXE3g1x,3,0,761,DomHexCrypto,Dom â¬£ Crypto â¬£ Entrepreneurship â¬£,1572,13.241948802642444,16036,"#ElectionDay, #Election2024, #Trump2024, #Vote2024, #BuildOnTitanX, #Crypto, #onlyfans",Twitter_Scrape\Target_Trump\Pro\Images\girls_trump_merch.jpg,N/A,pro-trump,R
1853867964984172554,https://x.com/DomHexCrypto/status/1853867964984172554/photo/1,Tue Nov 05 18:32:20 +0000 2024,7,Women GO VOTE! Trump. Trump. Trump. Trump. #ElectionDay #Election2024 #Trump2024 #Vote2024 #BuildOnTitanX #Crypto https://t.co/kULZUvqRmO,2,0,568,DomHexCrypto,Dom â¬£ Crypto â¬£ Entrepreneurship â¬£,1572,13.241948802642444,16036,"#ElectionDay, #Election2024, #Trump2024, #Vote2024, #BuildOnTitanX, #Crypto",Twitter_Scrape\Target_Trump\Pro\Images\girl_trump_shirt.jpg,N/A,pro-trump,R
1857066830650638827,https://x.com/avoura/status/1857066830650638827/photo/1,Thu Nov 14 14:23:29 +0000 2024,6,"@ClownWorld_ #KamalaLoser with cocaine on her jacket, wondering how she got $20m in debt. https://t.co/PNFE0enz4C",0,0,397,avoura,Free Your Mind,690,1.3080118694362015,6612,#KamalaLoser,Twitter_Scrape\Target_Harris\Anti\Images\harris_sad_coke.jpg,Twitter_Scrape\Target_Harris\Anti\Comments\harris_sad_coke.csv
1856773277055631392,https://x.com/avoura/status/1856773277055631392/photo/1,Wed Nov 13 18:57:01 +0000 2024,29,"@fugustra1 Trump's first day back in office in the White House, 20 January 2025. https://t.co/WWN8zBZKix",2,3,329,avoura,Free Your Mind,690,1.3080118694362015,6612,,Twitter_Scrape\Target_Harris\Anti\Images\harris_floor_oval.jpg,Twitter_Scrape\Target_Harris\Anti\Comments\harris_floor_oval.csv,anti-harris,R
1850450453294694796,https://x.com/avoura/status/1850450453294694796/photo/1,Sun Oct 27 08:12:22 +0000 2024,1,@FFT1776 #cocaineKamala https://t.co/RwGeXOiPsN,0,0,7,avoura,Free Your Mind,690,1.3080118694362015,6612,#cocaineKamala,Twitter_Scrape\Target_Harris\Anti\Images\harris_coke.jpg,Twitter_Scrape\Target_Harris\Anti\Comments\harris_coke.csv,anti-harris,R
1849873146259607802,https://x.com/avoura/status/1849873146259607802/photo/1,Fri Oct 25 17:58:21 +0000 2024,2,@RobertKennedyJr #KamalaNuclear https://t.co/fhPBiSHeXB,0,0,21,avoura,Free Your Mind,690,1.3080118694362015,6612,#KamalaNuclear,Twitter_Scrape\Target_Harris\Anti\Images\harris_bomb.jpg,Twitter_Scrape\Target_Harris\Anti\Comments\harris_bomb.csv,anti-harris,R
1861585738204160197,https://x.com/aesagt/status/1861585738204160197/photo/1,Wed Nov 27 01:40:01 +0000 2024,2,@ResisttheMS As usual.... https://t.co/7cCOUMJiwr,1,0,204,aesagt,ALL IN ON CRYPTO,4871,13.942946599408591,80158,,Twitter_Scrape\Target_Harris\Anti\Images\harris_alc.jpg,Twitter_Scrape\Target_Harris\Anti\Comments\harris_alc.csv,anti-harris,R
1861573884375425070,https://x.com/aesagt/status/1861573884375425070/photo/1,Wed Nov 27 00:52:55 +0000 2024,0,@Jessica_4_Trump As usual! https://t.co/1EJ27ysmMT,0,0,107,aesagt,ALL IN ON CRYPTO,4871,13.942946599408591,80158,,Twitter_Scrape\Target_Harris\Anti\Images\harris_vodka.jpg,Twitter_Scrape\Target_Harris\Anti\Comments\harris_vodka.csv,anti-harris,R
1852709998645727453,https://x.com/aesagt/status/1852709998645727453/photo/1,Sat Nov 02 13:51:00 +0000 2024,13,"@Jim_Jordan Thank your ""border czar""! https://t.co/oha70vATDx",2,4,610,aesagt,ALL IN ON CRYPTO,4871,13.942946599408591,80158,,Twitter_Scrape\Target_Harris\Anti\Images\boarder_tzar.jpg,Twitter_Scrape\Target_Harris\Anti\Comments\boarder_tzar.csv,anti-harris,R
1850594537716199439,https://x.com/JannaPart2/status/1850594537716199439,Sun Oct 27 17:44:54 +0000 2024,592,ğŸ˜ğŸ¤©ğŸ˜ #VoteTrump ...  Don't MAKE us #MakeYou  !!!ğŸ’‹   Woohoo !!! ğŸ¥³ğŸ‰ğŸŒğŸ˜ğŸ’¥ğŸ”¥   #MAGA â¤ï¸ğŸ‡ºğŸ‡¸  #TrumpWon ğŸ‘ğŸŠ https://t.co/30a1fkfFR2,60,20,12490,JannaPart2,Janna Deplorable Part 2,117142,22.69534679543459,25850,"#VoteTrump, #MakeYou, #MAGA, #TrumpWon",Twitter_Scrape\Target_Trump\Pro\Images\american_swim.jpg,Twitter_Scrape\Target_Trump\Pro\Comments\american_swim.csv,pro-trump,R
1852002809383633093,https://x.com/redjuliegarnier/status/1852002809383633093/photo/1,Thu Oct 31 15:00:52 +0000 2024,86,Who are you voting for?  #maga #maga2024 https://t.co/pDQCuEjpdy,8,10,1445,redjuliegarnier,redjuliegarnier,1838,4.410852713178294,1138,"#maga, #maga2024",Twitter_Scrape\Target_Trump\Pro\Images\readhead.jpg,Twitter_Scrape\Target_Trump\Pro\Comments\readhead.csv,pro-trump,R
1852301552393896410,https://x.com/redjuliegarnier/status/1852301552393896410/photo/1,Fri Nov 01 10:47:58 +0000 2024,84,Is that clear enough?  #maga #MAGA2024 https://t.co/a9ythrp1Uy,7,11,3353,redjuliegarnier,redjuliegarnier,1838,4.410852713178294,1138,"#maga, #MAGA2024",Twitter_Scrape\Target_Trump\Pro\Images\red_maga.jpg,Twitter_Scrape\Target_Trump\Pro\Comments\red_maga.csv,pro-trump,R
1857152254886748442,https://x.com/redjuliegarnier/status/1857152254886748442/photo/1,Thu Nov 14 20:02:56 +0000 2024,66,Hi guys!  #maga #MAGA24 #MAGADOGE https://t.co/2bzpFM2WMK,7,9,1349,redjuliegarnier,redjuliegarnier,1838,4.410852713178294,1138,"#maga, #MAGA24, #MAGADOGE",Twitter_Scrape\Target_Trump\Pro\Images\redhead_green.jpg,Twitter_Scrape\Target_Trump\Pro\Comments\redhead_green.csv,pro-trump,R
1857398462867738911,https://x.com/redjuliegarnier/status/1857398462867738911/photo/1,Fri Nov 15 12:21:16 +0000 2024,128,Happy #redfriday to everybody! Remember Everyone Deployed!  #MAGA https://t.co/ouSmnbtPxW,9,15,2212,redjuliegarnier,redjuliegarnier,1838,4.410852713178294,1138,"#redfriday, #MAGA",Twitter_Scrape\Target_Trump\Pro\Images\redhead_pool.jpg,Twitter_Scrape\Target_Trump\Pro\Comments\redhead_pool.csv,pro-trump,R
1852618208584626594,https://x.com/DiojiBarkerK9X/status/1852618208584626594,Sat Nov 02 07:46:15 +0000 2024,35,#TrumpIsGoingDown #KamalasAlwaysGoingDown https://t.co/oh2dhs7i2N,6,8,3059,DiojiBarkerK9X,Dioji Barker K9X â„¢,775,52.11046511627907,8963,"#TrumpIsGoingDown, #KamalasAlwaysGoingDown",Twitter_Scrape\Target_Harris\Anti\Images\suggestive.jpg,Twitter_Scrape\Target_Harris\Anti\Comments\suggestive.csv,anti-harris,R
1846018203308241043,https://x.com/wicked_witch33/status/1846018203308241043/photo/1,Tue Oct 15 02:40:11 +0000 2024,23,@RonFilipkowski Trump is the antichrist. https://t.co/c32dD4XQLO,4,1,1096,wicked_witch33,Nunya Business,1217,21.470225872689937,10456,,Twitter_Scrape\Target_Trump\Anti\Images\devil_trump.jpg,Twitter_Scrape\Target_Trump\Anti\Comments\devil_trump.csv,anti-trump,D
1852211343094350335,https://x.com/wicked_witch33/status/1852211343094350335,Fri Nov 01 04:49:31 +0000 2024,70,"@MichaelWolffNYC We've all been waiting for a long time for this like a long time like forever, we got called names when we brought up Trump and Epstein. And now you drop it 5 days before an election? 40% of registered voters have already voted. https://t.co/yCk8qVuD5p",9,0,2085,wicked_witch33,Nunya Business,1217,21.470225872689937,10456,,Twitter_Scrape\Target_Trump\Anti\Images\esptine_trump.jpg,N/A,anti-trump,D
1849267773291012599,https://x.com/the_war_reporte/status/1849267773291012599,Thu Oct 24 01:52:49 +0000 2024,7,#KamalaGropedMe https://t.co/BcCW5FnAGz,2,9,3476,the_war_reporte,BALD EAGLE AIRFIELD ğŸ‡ºğŸ‡¸,455,12.183206106870228,9576,#KamalaGropedMe,Twitter_Scrape\Target_Harris\Anti\Images\nazi_speech.jpg,Twitter_Scrape\Target_Harris\Anti\Comments\nazi_speech.csv,anti-harris,R
1853559051491152174,https://x.com/the_war_reporte/status/1853559051491152174/photo/1,Mon Nov 04 22:04:49 +0000 2024,1,@lookner https://t.co/XMfzeprQXZ,0,0,39,the_war_reporte,BALD EAGLE AIRFIELD ğŸ‡ºğŸ‡¸,455,12.183206106870228,9576,,Twitter_Scrape\Target_Harris\Anti\Images\nazi-mask2.jpg,Twitter_Scrape\Target_Harris\Anti\Comments\nazi-mask2.csv,anti-harris,R
1853545439485665474,https://x.com/the_war_reporte/status/1853545439485665474/photo/1,Mon Nov 04 21:10:44 +0000 2024,0,@katyperry @KamalaHarris https://t.co/pK3O82SKc0,0,0,10,the_war_reporte,BALD EAGLE AIRFIELD ğŸ‡ºğŸ‡¸,455,12.183206106870228,9576,,Twitter_Scrape\Target_Harris\Anti\Images\nazi_hall2.jpg,N/A,anti-harris,R
1853503986441273476,https://x.com/the_war_reporte/status/1853503986441273476/photo/1,Mon Nov 04 18:26:01 +0000 2024,0,@JeffreyLightfo8 @GuntherEagleman You voted for communism https://t.co/aarUHS8BTl,0,0,5,the_war_reporte,BALD EAGLE AIRFIELD ğŸ‡ºğŸ‡¸,455,12.183206106870228,9576,,Twitter_Scrape\Target_Harris\Anti\Images\nazi-mask.jpg,Twitter_Scrape\Target_Harris\Anti\Comments\nazi-mask.csv,anti-harris,R
1853492903743529420,https://x.com/the_war_reporte/status/1853492903743529420/photo/1,Mon Nov 04 17:41:59 +0000 2024,1,@bejeweled_one @DisavowTrump20 https://t.co/3xwTSQlQv9,0,0,50,the_war_reporte,BALD EAGLE AIRFIELD ğŸ‡ºğŸ‡¸,455,12.183206106870228,9576,,Twitter_Scrape\Target_Harris\Anti\Images\commander_harris.jpg,Twitter_Scrape\Target_Harris\Anti\Comments\commander_harris.csv,anti-harris,R
1853492826887381441,https://x.com/the_war_reporte/status/1853492826887381441/photo/1,Mon Nov 04 17:41:40 +0000 2024,0,@DisavowTrump20 Fuck no I didn't vote for a communist dictator https://t.co/m1qkLD19IL,0,0,6,the_war_reporte,BALD EAGLE AIRFIELD ğŸ‡ºğŸ‡¸,455,12.183206106870228,9576,,Twitter_Scrape\Target_Harris\Anti\Images\nazi_drink.jpg,Twitter_Scrape\Target_Harris\Anti\Comments\nazi_drink.csv,anti-harris,R
1852713173486391610,https://x.com/the_war_reporte/status/1852713173486391610/photo/1,Sat Nov 02 14:03:36 +0000 2024,53,@SankarshanDas https://t.co/8laLh0IOZm,7,1,495,the_war_reporte,BALD EAGLE AIRFIELD ğŸ‡ºğŸ‡¸,455,12.183206106870228,9576,,Twitter_Scrape\Target_Harris\Anti\Images\commi_great.jpg,Twitter_Scrape\Target_Harris\Anti\Comments\commi_great.csv,anti-harris,R
1852712957131563114,https://x.com/the_war_reporte/status/1852712957131563114/photo/1,Sat Nov 02 14:02:45 +0000 2024,42,@SankarshanDas https://t.co/FrThiIXQx1,3,3,471,the_war_reporte,BALD EAGLE AIRFIELD ğŸ‡ºğŸ‡¸,455,12.183206106870228,9576,,Twitter_Scrape\Target_Harris\Anti\Images\commi_sign.jpg,Twitter_Scrape\Target_Harris\Anti\Images\commi_sign.jpg,anti-harris,R
1851735722773864515,https://x.com/the_war_reporte/status/1851735722773864515/photo/1,Wed Oct 30 21:19:34 +0000 2024,0,@MaileOnX @Squeegex2 @elonmusk @kenklippenstein Average kamala the dictator lie https://t.co/37rsMRaBRs,0,0,46,the_war_reporte,BALD EAGLE AIRFIELD ğŸ‡ºğŸ‡¸,455,12.183206106870228,9576,,Twitter_Scrape\Target_Harris\Anti\Images\nazi_hall.jpg,Twitter_Scrape\Target_Harris\Anti\Comments\nazi_hall.csv,anti-harris,R
1850571647658393698,https://x.com/the_war_reporte/status/1850571647658393698/photo/1,Sun Oct 27 16:13:57 +0000 2024,0,@SOFABiscuitEatr @WW3_Monitor https://t.co/AVu7vkUPT3,0,0,24,the_war_reporte,BALD EAGLE AIRFIELD ğŸ‡ºğŸ‡¸,455,12.183206106870228,9576,,Twitter_Scrape\Target_Harris\Anti\Images\nazi_commi_harris.jpg,Twitter_Scrape\Target_Harris\Anti\Comments\nazi_commi_harris.csv,anti-harris,R
1850656367264109034,https://x.com/the_war_reporte/status/1850656367264109034/photo/1,Sun Oct 27 21:50:36 +0000 2024,0,@KamalaHQLies @KamalaHQ @AOC https://t.co/iVLajFMlqx,0,0,50,the_war_reporte,BALD EAGLE AIRFIELD ğŸ‡ºğŸ‡¸,455,12.183206106870228,9576,,Twitter_Scrape\Target_Harris\Anti\Images\love_commi.jpg,Twitter_Scrape\Target_Harris\Anti\Comments\love_commi.csv,anti-harris,R
1849223660256575873,https://x.com/the_war_reporte/status/1849223660256575873/photo/1,Wed Oct 23 22:57:32 +0000 2024,2,@GuntherEagleman @nicksortor The real kamala https://t.co/FCUXLplHmo,0,0,15,the_war_reporte,BALD EAGLE AIRFIELD ğŸ‡ºğŸ‡¸,455,12.183206106870228,9576,,Twitter_Scrape\Target_Harris\Anti\Images\harris_nazi_armband.jpg,Twitter_Scrape\Target_Harris\Anti\Comments\harris_nazi_armband.csv,anti-harris,R
1848513092541419669,https://x.com/the_war_reporte/status/1848513092541419669/photo/1,Mon Oct 21 23:53:59 +0000 2024,0,@TeamKamala https://t.co/8fOjXkp8E3,0,0,9,the_war_reporte,BALD EAGLE AIRFIELD ğŸ‡ºğŸ‡¸,455,12.183206106870228,9576,,Twitter_Scrape\Target_Harris\Anti\Images\nazi_harris.jpg,N/A,anti-harris,R
1848513791455359226,https://x.com/the_war_reporte/status/1848513791455359226/photo/1,Mon Oct 21 23:56:46 +0000 2024,0,@akafacehots https://t.co/LTgAUxC8RL,0,0,12,the_war_reporte,BALD EAGLE AIRFIELD ğŸ‡ºğŸ‡¸,455,12.183206106870228,9576,,Twitter_Scrape\Target_Harris\Anti\Images\anti_jesus.jpg,N/A,anti-harris,R
1844456355475882360,https://x.com/the_war_reporte/status/1844456355475882360/photo/1,Thu Oct 10 19:13:58 +0000 2024,0,@IlhanMN @KamalaHarris @Tim_Walz Yesss an alcoholic is the best candidate https://t.co/950kYWRbJp,0,0,4,the_war_reporte,BALD EAGLE AIRFIELD ğŸ‡ºğŸ‡¸,455,12.183206106870228,9576,,Twitter_Scrape\Target_Harris\Anti\Images\kamala_drink.jpg,Twitter_Scrape\Target_Harris\Anti\Comments\kamala_drink.csv,anti-harris,R
1837953878756602305,https://x.com/the_war_reporte/status/1837953878756602305/photo/1,Sun Sep 22 20:35:26 +0000 2024,0,@thejackhopkins Kamala Harris interview prep #kamalaisanalcoholic #alcoholawareness https://t.co/ivak7iFsGv,0,0,2,the_war_reporte,BALD EAGLE AIRFIELD ğŸ‡ºğŸ‡¸,455,12.183206106870228,9576,"#kamalaisanalcoholic, #alcoholawareness",Twitter_Scrape\Target_Harris\Anti\Images\harris_vodka_drink.jpg,Twitter_Scrape\Target_Harris\Anti\Comments\harris_vodka_drink.csv,anti-harris,R
1853644701838319854,https://x.com/NotTinaKotex/status/1853644701838319854/photo/1,Tue Nov 05 03:45:10 +0000 2024,4,"@DrClownPhD And I felt a tinge of shame for doing this.    OK, not really. https://t.co/4u2WPD1joW",0,0,252,NotTinaKotex,Not Tina Kotex,10845,9.710216110019646,9885,,Twitter_Scrape\Target_Harris\Anti\Images\pole.jpg,N/A,anti-harris,R
1850470325873438769,https://x.com/Stephis_world/status/1850470325873438769/photo/1,Sun Oct 27 09:31:20 +0000 2024,6098,Count down has started Patriots! 10. 9. 8. 7. 6. 5. 4. 3. 2. 1. Trump wins https://t.co/BiZDbCaW2v,348,328,93732,Stephis_world,Stephi,55528,14.042535446205171,16837,,Twitter_Scrape\Target_Trump\Pro\Images\girl_bedroom.jpg,Twitter_Scrape\Target_Trump\Pro\Comments\girl_bedroom.csv,pro-trump,R
1851625166364618755,https://x.com/Stephis_world/status/1851625166364618755/photo/1,Wed Oct 30 14:00:15 +0000 2024,2571,The day draws closer Patriots. #Trump4U #Garbage4Trump #TrumpVance2024ToSaveAmerica https://t.co/F0NcYv4CjO,261,126,26514,Stephis_world,Stephi,55528,14.042535446205171,16837,"#Trump4U, #Garbage4Trump, #TrumpVance2024ToSaveAmerica",Twitter_Scrape\Target_Trump\Pro\Images\4_trump.jpg,Twitter_Scrape\Target_Trump\Pro\Comments\4_trump.csv,pro-trump,R
1852663726396088528,https://x.com/Stephis_world/status/1852663726396088528/photo/1,Sat Nov 02 10:47:07 +0000 2024,4435,"If you want a 5 â­ â­ â­ â­ â­ President in the Whitehouse in January, then there's only one choice!  Have you voted yet? #VoteTrump2024ToSaveAmerica #SayNoToCommunism #MAGA https://t.co/A2oKRyZQd2",462,239,49563,Stephis_world,Stephi,55528,14.042535446205171,16837,"#VoteTrump2024ToSaveAmerica, #SayNoToCommunism, #MAGA",Twitter_Scrape\Target_Trump\Pro\Images\trump_shirt.jpg,Twitter_Scrape\Target_Trump\Pro\Comments\trump_shirt.csv,pro-trump,R
1853148775088591253,https://x.com/Stephis_world/status/1853148775088591253/photo/1,Sun Nov 03 18:54:32 +0000 2024,2185,Taking no chances now Patriots! Need to wear both my Trump hat and t-shirt. Who else is biting their nails? #TrumpVance2024ToSaveAmerica https://t.co/bmrovPYzS5,242,109,28253,Stephis_world,Stephi,55528,14.042535446205171,16837,#TrumpVance2024ToSaveAmerica,Twitter_Scrape\Target_Trump\Pro\Images\black_maga_merch.jpg,Twitter_Scrape\Target_Trump\Pro\Comments\black_maga_merch.csv,pro-trump,R
1853380581196775670,https://x.com/Stephis_world/status/1853380581196775670/photo/1,Mon Nov 04 10:15:39 +0000 2024,1933,"It's Monochrome Monday, but it's also Election Eve Patriots! ğŸ–¤ğŸ©¶ğŸ¤ğŸ–¤ğŸ©¶ğŸ¤ğŸ–¤ğŸ©¶ğŸ¤ğŸ–¤ğŸ©¶ğŸ¤ Let's get Trump over the line tomorrow, so Donald J Trump and JD Vance can fix America. #VoteVoteVote #WinWinWinn https://t.co/c3LNTMQQnD",196,121,19734,Stephis_world,Stephi,55528,14.042535446205171,16837,"#VoteVoteVote, #WinWinWinn",Twitter_Scrape\Target_Trump\Pro\Images\maga_bw.jpg,Twitter_Scrape\Target_Trump\Pro\Comments\maga_bw.csv,pro-trump,R
1853757601307062466,https://x.com/Stephis_world/status/1853757601307062466/photo/1,Tue Nov 05 11:13:47 +0000 2024,1796,Just one word Patriots! VOTE #VoteTrumpVanceToSaveAmerica #VoteTrumpVanceToSaveTheWorld https://t.co/5JFJCx3X7c,177,96,18840,Stephis_world,Stephi,55528,14.042535446205171,16837,"#VoteTrumpVanceToSaveAmerica, #VoteTrumpVanceToSaveTheWorld",Twitter_Scrape\Target_Trump\Pro\Images\maga_blue_merch.jpg,Twitter_Scrape\Target_Trump\Pro\Comments\maga_blue_merch.csv,pro-trump,R
1844776058391802057,https://x.com/Stephis_world/status/1844776058391802057/photo/1,Fri Oct 11 16:24:21 +0000 2024,243,Is this real or Photoshop?? Is she on the client list? https://t.co/UBTO6ifB5w,75,89,11539,Stephis_world,Stephi,55528,14.042535446205171,16837,,Twitter_Scrape\Target_Harris\Anti\Images\epstine_kam2.jpg,Twitter_Scrape\Target_Harris\Anti\Comments\epstine_kam2.csv,anti-harris,R
1853164322148467100,https://x.com/bleakstare/status/1853164322148467100/photo/1,Sun Nov 03 19:56:19 +0000 2024,6,@TruthHurtsTKV @leslieb504 @michellesudz12 @coreygould97 @jackunheard @rynatknight @Kaylee1819307 @MasonWhite_X @Raeraesit @TruthHertz_News @BasedWash @WestHardinFan1 @The1AndOnlyCjjj @lcdiaz001 Iâ€™m on a limit ban at the moment but #IFBAP ğŸ’¯ letâ€™s connect  Hereâ€™s a nice one https://t.co/47Y2iJF79W,0,1,52,bleakstare,Bleakstare,4460,1.133247918001281,5307,#IFBAP,Twitter_Scrape\Target_Trump\Pro\Images\trump_washington.jpg,Twitter_Scrape\Target_Trump\Pro\Comments\trump_washington.csv,pro-trump,R
1851465238069051855,https://x.com/bleakstare/status/1851465238069051855/photo/1,Wed Oct 30 03:24:45 +0000 2024,1,@cfantastic66 @mishee_mckee She looks hungry. How bout this https://t.co/n7twsilAEU,0,1,20,bleakstare,Bleakstare,4460,1.133247918001281,5307,,Twitter_Scrape\Target_Harris\Anti\Images\statue_burn.jpg,Twitter_Scrape\Target_Harris\Anti\Comments\statue_burn.csv,anti-harris,R
1851418046851666386,https://x.com/bleakstare/status/1851418046851666386/photo/1,Wed Oct 30 00:17:14 +0000 2024,1,@cfantastic66 @mishee_mckee Looooollll https://t.co/MXgdGgZkDM,0,1,14,bleakstare,Bleakstare,4460,1.133247918001281,5307,,Twitter_Scrape\Target_Harris\Anti\Images\kamala_chaos,Twitter_Scrape\Target_Harris\Anti\Comments\kamala_chaos.csv,anti-harris,R
1847771929203163187,https://x.com/bleakstare/status/1847771929203163187/photo/1,Sat Oct 19 22:48:52 +0000 2024,1,"@GOD_PLS_MAGA @EXCELLENTSALVIC @MrJOHNWICK2 @GOP_is_Gutless @DonnaBarford @boldyboyuk @Playteaux1 Following all mutuals, some waiting and new request went out . A few came up unavailable but there is a known glitch. Iâ€™ll come back but if you see we arenâ€™t mutuals. Ty @GOD_PLS_MAGA https://t.co/685d5o8LEA",0,0,8,bleakstare,Bleakstare,4460,1.133247918001281,5307,,Twitter_Scrape\Target_Trump\Pro\Images\god_trump.jpg,Twitter_Scrape\Target_Trump\Pro\Comments\god_trump.csv,pro-trump,R
1847791854953386160,https://x.com/bleakstare/status/1847791854953386160/photo/1,Sun Oct 20 00:08:03 +0000 2024,0,"@BarackObama @KamalaHarris You slithering Antichrist. You may have fooled some and still calling the shots, but God will always defeat you. https://t.co/9NpCv9nOIG",0,0,9,bleakstare,Bleakstare,4460,1.133247918001281,5307,,Twitter_Scrape\Target_Trump\Pro\Images\trump_religon,Twitter_Scrape\Target_Trump\Pro\Comments\trump_religon.csv,pro-trump,R
1847772622903529588,https://x.com/bleakstare/status/1847772622903529588/photo/1,Sat Oct 19 22:51:37 +0000 2024,2,Letâ€™s all be friends and grow! Check to see if we mutuals. #ifbap https://t.co/ykZjU039aP,1,1,209,bleakstare,Bleakstare,4460,1.133247918001281,5307,#ifbap,Twitter_Scrape\Target_Trump\Pro\Images\jesus_trump.jpg,Twitter_Scrape\Target_Trump\Pro\Comments\jesus_trump.csv,pro-trump,R
1842686315168514220,https://x.com/bleakstare/status/1842686315168514220/photo/1,Sat Oct 05 22:00:27 +0000 2024,0,@MathewLight17 This it is https://t.co/xwCfsQSeW2,0,0,9,bleakstare,Bleakstare,4460,1.133247918001281,5307,,Twitter_Scrape\Target_Trump\Pro\Images\holy_trump.jpg,Twitter_Scrape\Target_Trump\Pro\Comments\holy_trump.csv,pro-trump,R
1849732822337999226,https://x.com/MagikMike101/status/1849732822337999226,Fri Oct 25 08:40:45 +0000 2024,2,"@realXanderXjork Yeah but #kamalagropedme and thats true. Its was around 1993 and ive been left traumatised.  I think the victims should be heard, not ridiculed ! https://t.co/Qv9gJTZMD9",0,0,35,MagikMike101,Magik Mike,1123,6.530991735537191,6322,#kamalagropedme,Twitter_Scrape\Target_Harris\Anti\Images\epstine_kam.jpg,Twitter_Scrape\Target_Harris\Anti\Comments\epstine_kam.csv,anti-harris,R
1852812561139343766,https://x.com/MagikMike101/status/1852812561139343766/photo/1,Sat Nov 02 20:38:32 +0000 2024,0,@PamKeithFL Running cover for tbe semi trucks full of ballots to arrive? Go fuck yourself...oh and buy Premium you tight fisted fucker. Its our money that pays your salary. https://t.co/iCU1gezBnA,0,0,39,MagikMike101,Magik Mike,1123,6.530991735537191,6322,,Twitter_Scrape\Target_Harris\Anti\Images\harris_team_jail.jpg,Twitter_Scrape\Target_Harris\Anti\Comments\harris_team_jail.csv,anti-harris,R
1843689777725677582,https://x.com/MagikMike101/status/1843689777725677582/photo/1,Tue Oct 08 16:27:51 +0000 2024,0,@bennyjohnson ğŸ˜‚ğŸ˜‚ğŸ˜‚ğŸ˜‚ https://t.co/SHVlGZNqLj,0,0,4,MagikMike101,Magik Mike,1123,6.530991735537191,6322,,Twitter_Scrape\Target_Harris\Anti\Images\poster,Twitter_Scrape\Target_Harris\Anti\Comments\poster.csv,anti-harris,R
1843962326367731712,https://x.com/MagikMike101/status/1843962326367731712/photo/1,Wed Oct 09 10:30:52 +0000 2024,0,@GuntherEagleman @JudieHall9 Surprised? ğŸ˜‚ğŸ˜‚ğŸ˜‚ https://t.co/q8sOpEjK42,0,0,16,MagikMike101,Magik Mike,1123,6.530991735537191,6322,,Twitter_Scrape\Target_Harris\Anti\Images\Kamala_substance,Twitter_Scrape\Target_Harris\Anti\Comments\Kamala_substance.csv,anti-harris,R
1843031483805733094,https://x.com/MagikMike101/status/1843031483805733094/photo/1,Sun Oct 06 20:52:02 +0000 2024,0,@dom_lucre Because shes fucking Evil.. https://t.co/6xaSU8QdiY,0,0,6,MagikMike101,Magik Mike,1123,6.530991735537191,6322,,Twitter_Scrape\Target_Harris\Anti\Images\devil_dance.jpg,Twitter_Scrape\Target_Harris\Anti\Comments\devil_dance.csv,anti-harris,R
1840724384375316964,https://x.com/MagikMike101/status/1840724384375316964/photo/1,Mon Sep 30 12:04:26 +0000 2024,0,@JDunlap1974 https://t.co/mSCaJo1Gja,0,1,20,MagikMike101,Magik Mike,1123,6.530991735537191,6322,,Twitter_Scrape\Target_Harris\Anti\Images\devil_kneel.jpg,Twitter_Scrape\Target_Harris\Anti\Comments\devil_kneel.csv,anti-harris,R
1836460683229122784,https://x.com/MagikMike101/status/1836460683229122784/photo/1,Wed Sep 18 17:42:01 +0000 2024,0,"@elonmusk ğŸ‘¹ğŸ‘¹ ""These Memes Will Destroy Our Work!!"" ğŸ‘¹ğŸ‘¹  ğŸ§™â€â™€ï¸ ğŸ§¹  ""Yes My Master,I'll make Jokes Illegal Tommorow..ğŸ§™â€â™€ï¸ ğŸ§¹ https://t.co/v8Kv1pzdFp",0,0,8,MagikMike101,Magik Mike,1123,6.530991735537191,6322,,Twitter_Scrape\Target_Harris\Anti\Images\devil_ear.jpg,Twitter_Scrape\Target_Harris\Anti\Comments\devil_ear.csv,anti-harris,R
1835717896619663477,https://x.com/MagikMike101/status/1835717896619663477/photo/1,Mon Sep 16 16:30:27 +0000 2024,6,@JoJoFromJerz Didn't you abandon your kids for crack? Your uterus is probably like a shrunken kidney bean ğŸ˜‚ğŸ˜‚ğŸ˜‚ https://t.co/dH2s1qMJZI,0,0,155,MagikMike101,Magik Mike,1123,6.530991735537191,6322,,Twitter_Scrape\Target_Harris\Anti\Images\liar.jpg,N/A,anti-harris,R
1850147989664280943,https://x.com/DogecoinRise/status/1850147989664280943/photo/1,Sat Oct 26 12:10:29 +0000 2024,95,"You might not understad taxes, but understand this: Vote #MAGAğŸ‡ºğŸ‡¸ to protect our babies, our future generation, do not vote for the baby killers!  @elonmusk &amp; @realDonaldTrump are fighting for us, this might be the turning point to Restore our Republic! https://t.co/Ji1j578SKB",26,18,9053,DogecoinRise,Dogecoin Rise ğŸŒğŸš€ğŸŒ•,432651,14.451309603760912,21518,#MAGAğŸ‡ºğŸ‡¸,Twitter_Scrape\Target_Trump\Pro\Images\trump_baby.jpg,Twitter_Scrape\Target_Trump\Pro\Comments\trump_baby.csv,pro-trump,R
1850150026955157827,https://x.com/DogecoinRise/status/1850150026955157827/photo/1,Sat Oct 26 12:18:35 +0000 2024,21,@cb_doge PROTECT OUR BABIES #MAGAğŸ‡ºğŸ‡¸ https://t.co/3Fj2nGLY1M,3,7,645,DogecoinRise,Dogecoin Rise ğŸŒğŸš€ğŸŒ•,432651,14.451309603760912,21518,#MAGAğŸ‡ºğŸ‡¸,Twitter_Scrape\Target_Trump\Pro\Images\uniform_baby.jpg,Twitter_Scrape\Target_Trump\Pro\Comments\uniform_baby.csv,pro-trump,R
1833832968701264061,https://x.com/DogecoinRise/status/1833832968701264061/photo/1,Wed Sep 11 11:40:25 +0000 2024,123,"On this solemn day, we remember the lives lost, the heroes who ran into danger, and the unbreakable spirit of America. September 11, 2001, was a day that changed us all, but it also revealed the profound strength and unity of our nation ğŸ‡ºğŸ‡¸.   To the victims, your memory is a beacon of resilience. To the first responders, your bravery in the face of terror is etched in our hearts forever. And to America, your spirit, like the steel of the towers, bends but never breaks.   We honor you with every tear shed, every flag flown, and every moment of silence. May your legacy inspire us to cherish freedom, embrace unity, and hold onto hope, no matter the darkness.   Rest in peace, and may America continue to stand tall, united in remembrance and resolve.  @MagaHAT_ETH @elonmusk @realDonaldTrump  ---",15,28,20202,DogecoinRise,Dogecoin Rise ğŸŒğŸš€ğŸŒ•,432651,14.451309603760912,21518,,Twitter_Scrape\Target_Trump\Pro\Images\trump_elon.jpg,Twitter_Scrape\Target_Trump\Pro\Comments\trump_elon.csv,pro-trump,R
1849623429697196085,https://x.com/Diamondthedave/status/1849623429697196085,Fri Oct 25 01:26:04 +0000 2024,21,#Trump2024 #TrumpVance2024 https://t.co/Ct8XyWQVx1,11,2,509,Diamondthedave,Oppenheimer Ranch Project,12143,5.932358674463938,30433,"#Trump2024, #TrumpVance2024",Twitter_Scrape\Target_Trump\Pro\Images\biden_support.png,Twitter_Scrape\Target_Trump\Pro\Comments\biden_support.csv,pro-trump,R
1849461794181431420,https://x.com/Diamondthedave/status/1849461794181431420/photo/1,Thu Oct 24 14:43:47 +0000 2024,3,@VP https://t.co/mvmZMlWYzu,0,0,18,Diamondthedave,Oppenheimer Ranch Project,12143,5.932358674463938,30433,,Twitter_Scrape\Target_Harris\Anti\Images\ice_cream.png,N/A,anti-harris,R
1847674567331860822,https://x.com/trumplicans2024/status/1847674567331860822,Sat Oct 19 16:21:59 +0000 2024,1788,#TrumpVance2024  #Trump https://t.co/7W5ALn2VYh,162,65,26130,trumplicans2024,Trumplicans2024.com,120314,74.07764705882353,94449,"#TrumpVance2024, #Trump",Twitter_Scrape\Target_Trump\Pro\Images\american_swim2.jpg,Twitter_Scrape\Target_Trump\Pro\Comments\american_swim2.csv,pro-trump,R
1848798574324355455,https://x.com/NotTinaKotex/status/1848798574324355455,Tue Oct 22 18:48:23 +0000 2024,34,"Trying to save our Democracy and screaming at your campaign manager is tiring work, so #KamalaHarris is taking a well-deserved day off. https://t.co/JzBZiLpOPf",8,4,663,NotTinaKotex,MAGA Tina Kotex,11933,9.557129367327668,10121,#KamalaHarris,Twitter_Scrape\Target_Harris\Anti\Images\sick.jpg,Twitter_Scrape\Target_Harris\Anti\Comments\sick.csv,anti-harris,R
1850642202134724705,https://x.com/SouthernChick45/status/1850642202134724705,Sun Oct 27 20:54:18 +0000 2024,33,Say #notothehoe  #TrumpVance2024 https://t.co/74ZAXwGkUT,14,7,613,SouthernChick45,Michelle ğŸ‡ºğŸ‡¸,18860,45.85167910447761,49153,"#notothehoe, #TrumpVance2024",Twitter_Scrape\Target_Harris\Anti\Images\fake_ballot.jpg,Twitter_Scrape\Target_Harris\Anti\Comments\fake_ballot.csv,anti-harris,R
1850313886144057483,https://x.com/ActivistJerry/status/1850313886144057483,Sat Oct 26 23:09:42 +0000 2024,34,BLACK MAGA MOVEMENT WITH THE SPECIAL PRESIDENT DONALD J. TRUMP!  #MAGA #MakeAmericaGreatAgain #AmericaFirst #KAG (Keep America Great) #Trump2024 #SaveAmerica #Patriots #MAGA2024 @udreams30 #Trump2024 #MAGA2024 #MakeAmericaGreatAgain #TrumpTrain #AmericaFirst #KeepAmericaGreat #SaveAmerica #TrumpWon #PatriotsForTrump #TrumpRally @udreams30,14,3,753,ActivistJerry,ActivistJerryğŸ’«,8564,11.481325033348154,51643,"#MAGA, #MakeAmericaGreatAgain, #AmericaFirst, #KAG, #Trump2024, #SaveAmerica, #Patriots, #MAGA2024, #Trump2024, #MAGA2024, #MakeAmericaGreatAgain, #TrumpTrain, #AmericaFirst, #KeepAmericaGreat, #SaveAmerica, #TrumpWon, #PatriotsForTrump, #TrumpRally",Twitter_Scrape\Target_Trump\Pro\Images\african_american_support.jpg,N/A,pro-trump,R
1643624396668452866,https://x.com/AnnaQueenNFTs/status/1643624396668452866,Wed Apr 05 14:39:27 +0000 2023,17,First photos of #Trump's arrest ğŸ™ƒ https://t.co/6wTzLk19Cg,1,11,1283,AnnaQueenNFTs,Ann Blooonde,2884,4.632600258732213,3581,#Trump's,Twitter_Scrape\Target_Trump\Anti\Images\Trump_running.jpeg,Twitter_Scrape\Target_Trump\Anti\Comments\trump_run_arrest.csv,anti-trump,D
1638448673842663424,https://x.com/WholeMarsBlog/status/1638448673842663424,Wed Mar 22 07:52:59 +0000 2023,1375,Donald Trump has been arrested after a laptop was found with photos of him smoking crack and banging hookers   The following photos were captured by the Associated Press as the former President attempted to escape capture. https://t.co/OPrxRgH0aZ,92,422,229150,WholeMarsBlog,Whole Mars Catalog,583507,201.8735431235432,346415,,Twitter_Scrape\Target_Trump\Anti\Images\trump_running_arrest2,Twitter_Scrape\Target_Trump\Anti\Comments\trump_running_arrest2.csv,anti-trump,D
1796296404492575102,https://x.com/Nain_Portekoi/status/1796296404492575102,Thu May 30 21:43:31 +0000 2024,261,"Incroyables images de Donald Trump arrÃªtÃ© par la Police de New York, alors qu'il essaye de s'Ã©chapper, aprÃ¨s avoir Ã©tÃ© reconnu coupable des 34 chefs d'accusation qui lui Ã©taient reprochÃ©s dans l'affaire Stormy Daniels. https://t.co/OjEu95LX1V",26,72,102934,Nain_Portekoi,Nain Portekoi ğŸ‡¨ğŸ‡µ,139900,16.923718712753278,99393,,Twitter_Scrape\Target_Trump\Anti\Images\Trump_arrest2,Twitter_Scrape\Target_Trump\Anti\Comments\Trump_arrest2.csv,anti-trump,D
1853829027951243602,https://x.com/oncue67/status/1853829027951243602/photo/1,Tue Nov 05 15:57:37 +0000 2024,23,@ScottPresler Hold the line!!!! The spirit of peanut is with you!!!!!!!!! https://t.co/1SGTSsffZv,2,1,574,oncue67,scooter_mcgavin,631,12.217338217338217,10006,,Twitter_Scrape\Target_Trump\Pro\Images\peanut_head.jpg,Twitter_Scrape\Target_Trump\Pro\Comments\peanut_head.csv,pro-trump,R
1853148464718176625,https://x.com/JayUSA102/status/1853148464718176625,Sun Nov 03 18:53:18 +0000 2024,2,@BenStanton77 Hold the line!!!!! https://t.co/mQOMTwPbx9,0,3,1436,JayUSA102,JayUSA,5900,349.7582417582417,31828,,Twitter_Scrape\Target_Trump\Pro\Images\Squirrle_gun,Twitter_Scrape\Target_Trump\Pro\Comments\Squirrle_gun.csv,pro-trump,R
1819135424071454788,https://x.com/BillCar79944600/status/1819135424071454788/photo/1,Thu Aug 01 22:17:37 +0000 2024,3,"@ScottAdamsSays Find this woman, Iâ€™m sure they are going to claim itâ€™s someone else. https://t.co/NIQqf7uUxe",2,2,161,BillCar79944600,Bill Carey ğŸ‡ºğŸ‡¸,6829,11.641615255187885,20757,,Twitter_Scrape\Target_Harris\Anti\Images\harris_streets.jpg,Twitter_Scrape\Target_Harris\Anti\Comments\harris_streets.csv,anti-harris,R
1818275041617797537,https://x.com/BillCar79944600/status/1818275041617797537/photo/1,Tue Jul 30 13:18:46 +0000 2024,13,"The same, but worse. #Kamala2024 #DemocratsHateAmerica #KamalaHarris #WhiteDudesForKamala https://t.co/Uao2t9JQP5",3,1,1030,BillCar79944600,Bill Carey ğŸ‡ºğŸ‡¸,6829,11.641615255187885,20757,"#Kamala2024, #DemocratsHateAmerica, #KamalaHarris, #WhiteDudesForKamala",Twitter_Scrape\Target_Harris\Anti\Images\communist_harris.jpg,Twitter_Scrape\Target_Harris\Anti\Comments\communist_harris.csv,anti-harris,R
1824859921609019469,https://x.com/TruthorConseq12/status/1824859921609019469,Sat Aug 17 17:24:44 +0000 2024,49,January 2025: If Comrade Harris Wins! https://t.co/TNKENzLyeA,15,11,2702,TruthorConseq12,Dr. Michael Jones,14291,43.36757775683318,46013,,Twitter_Scrape\Target_Harris\Anti\Images\comi_washington.jpg,Twitter_Scrape\Target_Harris\Anti\Comments\comi_washington.csv,anti-harris,R
1824691916782641196,https://x.com/TruthorConseq12/status/1824691916782641196,Sat Aug 17 06:17:08 +0000 2024,33163,Are you ready for the DNC? https://t.co/YrgEgKUR7B,7093,703,900402,TruthorConseq12,Dr. Michael Jones,14291,43.36757775683318,46013,,Twitter_Scrape\Target_Harris\Anti\Images\harris_red_rally2.jpg,Twitter_Scrape\Target_Harris\Anti\Comments\harris_red_rally2.csv,anti-harris,R
1870230420534550753,https://x.com/TruthorConseq12/status/1870230420534550753/photo/1,Fri Dec 20 22:10:54 +0000 2024,0,@MarioNawfal Right. https://t.co/mMDPYfhYYv,1,0,48,TruthorConseq12,Dr. Michael Jones,14291,43.36757775683318,46013,,Twitter_Scrape\Target_Harris\Anti\Images\harris_red_rally3.jpg,Twitter_Scrape\Target_Harris\Anti\Comments\harris_red_rally3.csv,anti-harris,R
1870509467449885072,https://x.com/TruthorConseq12/status/1870509467449885072/photo/1,Sat Dec 21 16:39:44 +0000 2024,1,@MarioNawfal Yup https://t.co/AjD9T3yUKf,0,1,120,TruthorConseq12,Dr. Michael Jones,14291,43.36757775683318,46013,,Twitter_Scrape\Target_Harris\Anti\Images\harris_puppet.jpg,Twitter_Scrape\Target_Harris\Anti\Comments\harris_puppet.csv,anti-harris,R
1873174217765871815,https://x.com/TruthorConseq12/status/1873174217765871815/photo/1,Sun Dec 29 01:08:30 +0000 2024,1,@nixongroyper @NickJFuentes Heâ€™s Alive https://t.co/HxbnSEJNVN,0,0,606,TruthorConseq12,Dr. Michael Jones,14291,43.36757775683318,46013,,Twitter_Scrape\Target_Harris\Anti\Images\demo_nazi.jpg,Twitter_Scrape\Target_Harris\Anti\Comments\demo_nazi.csv,anti-harris,R
1858930522262741286,https://x.com/HoneyBadger8763/status/1858930522262741286/photo/1,Tue Nov 19 17:49:08 +0000 2024,0,@hhdogsitting @BklynP8triot @TristanSnell Poor Karen seems to be having a difficult time accepting the fact that Trump is not guilty and is STILL GOING TO BE YOUR NEXT PRESIDENT. ğŸ˜Š https://t.co/ZKNZJpvhU5,0,0,14,HoneyBadger8763,Kate,2027,2.718194813150909,13311,,Twitter_Scrape\Target_Harris\Anti\Images\oxygen.jpg,Twitter_Scrape\Target_Harris\Anti\Comments\oxygen.csv,anti-harris,R
1853531341146509572,https://x.com/HoneyBadger8763/status/1853531341146509572/photo/1,Mon Nov 04 20:14:43 +0000 2024,0,@azlibertad @funder No thanks. https://t.co/dWpaYnHgm1,0,0,10,HoneyBadger8763,Kate,2027,2.718194813150909,13311,,Twitter_Scrape\Target_Harris\Anti\Images\prop_poster.jpg,Twitter_Scrape\Target_Harris\Anti\Comments\prop_poster.csv,anti-harris,R